[{"model": "contenttypes.contenttype", "pk": 1, "fields": {"app_label": "admin", "model": "logentry"}}, {"model": "contenttypes.contenttype", "pk": 2, "fields": {"app_label": "auth", "model": "permission"}}, {"model": "contenttypes.contenttype", "pk": 3, "fields": {"app_label": "auth", "model": "group"}}, {"model": "contenttypes.contenttype", "pk": 4, "fields": {"app_label": "contenttypes", "model": "contenttype"}}, {"model": "contenttypes.contenttype", "pk": 5, "fields": {"app_label": "sessions", "model": "session"}}, {"model": "contenttypes.contenttype", "pk": 6, "fields": {"app_label": "users", "model": "userprofile"}}, {"model": "contenttypes.contenttype", "pk": 7, "fields": {"app_label": "users", "model": "emailverifyrecord"}}, {"model": "contenttypes.contenttype", "pk": 8, "fields": {"app_label": "users", "model": "banner"}}, {"model": "contenttypes.contenttype", "pk": 9, "fields": {"app_label": "courses", "model": "course"}}, {"model": "contenttypes.contenttype", "pk": 10, "fields": {"app_label": "courses", "model": "lesson"}}, {"model": "contenttypes.contenttype", "pk": 11, "fields": {"app_label": "courses", "model": "video"}}, {"model": "contenttypes.contenttype", "pk": 12, "fields": {"app_label": "courses", "model": "courseresource"}}, {"model": "contenttypes.contenttype", "pk": 13, "fields": {"app_label": "operation", "model": "userask"}}, {"model": "contenttypes.contenttype", "pk": 14, "fields": {"app_label": "operation", "model": "coursecomments"}}, {"model": "contenttypes.contenttype", "pk": 15, "fields": {"app_label": "operation", "model": "userfavorite"}}, {"model": "contenttypes.contenttype", "pk": 16, "fields": {"app_label": "operation", "model": "usermessage"}}, {"model": "contenttypes.contenttype", "pk": 17, "fields": {"app_label": "operation", "model": "usercourse"}}, {"model": "contenttypes.contenttype", "pk": 18, "fields": {"app_label": "organization", "model": "citydict"}}, {"model": "contenttypes.contenttype", "pk": 19, "fields": {"app_label": "organization", "model": "courseorg"}}, {"model": "contenttypes.contenttype", "pk": 20, "fields": {"app_label": "organization", "model": "teacher"}}, {"model": "contenttypes.contenttype", "pk": 21, "fields": {"app_label": "xadmin", "model": "bookmark"}}, {"model": "contenttypes.contenttype", "pk": 22, "fields": {"app_label": "xadmin", "model": "usersettings"}}, {"model": "contenttypes.contenttype", "pk": 23, "fields": {"app_label": "xadmin", "model": "userwidget"}}, {"model": "contenttypes.contenttype", "pk": 24, "fields": {"app_label": "xadmin", "model": "log"}}, {"model": "contenttypes.contenttype", "pk": 25, "fields": {"app_label": "captcha", "model": "captchastore"}}, {"model": "sessions.session", "pk": "jap13ob29f0ne3kxxy1tjv8hvkwchols", "fields": {"session_data": "NWRkYTY1YmU4ZDlhZWQ0MWRjYjcxY2RmMjk0OTVmNWYxMzg3YmI3MTp7Il9hdXRoX3VzZXJfaWQiOiIxIiwiTElTVF9RVUVSWSI6W1sib3BlcmF0aW9uIiwidXNlcmNvdXJzZSJdLCIiXSwiX2F1dGhfdXNlcl9oYXNoIjoiY2Q1M2Y5NDM4NmZjNmJjYjQzMjMyYTRmYjgxM2Y5ZTE2Nzc3Y2ExMiIsIl9hdXRoX3VzZXJfYmFja2VuZCI6InVzZXJzLnZpZXdzLkN1c3RvbUJhY2tlbmQifQ==", "expire_date": "2018-02-02T01:57:42.880"}}, {"model": "courses.course", "pk": 1, "fields": {"course_org": 1, "name": "python\u5165\u95e8", "desc": "python\u5165\u95e8", "detail": "python\u5165\u95e8", "degree": "cj", "learn_times": 60, "students": 100, "fav_nums": 20, "image": "courses/2018/01/\u4e0b\u8f7d_zHJZKzn.png", "click_nums": 1, "add_time": "2018-01-19T01:45:00", "tag": "python", "category": "python developing"}}, {"model": "courses.course", "pk": 2, "fields": {"course_org": 2, "name": "python\u5165\u95e8", "desc": "python\u5165\u95e8", "detail": "python\u5165\u95e8", "degree": "cj", "learn_times": 60, "students": 100, "fav_nums": 20, "image": "courses/2018/01/\u4e0b\u8f7d_nbhsQg3.png", "click_nums": 0, "add_time": "2018-01-19T01:50:00", "tag": "python", "category": "python developing"}}, {"model": "courses.course", "pk": 3, "fields": {"course_org": 3, "name": "python\u5165\u95e8", "desc": "python\u5165\u95e8", "detail": "python\u5165\u95e8", "degree": "cj", "learn_times": 60, "students": 100, "fav_nums": 0, "image": "courses/2018/01/\u4e0b\u8f7d_TLZvyhs.png", "click_nums": 0, "add_time": "2018-01-19T01:50:00", "tag": "python", "category": "python developing"}}, {"model": "courses.course", "pk": 4, "fields": {"course_org": 4, "name": "django\u5165\u95e8", "desc": "django\u5165\u95e8", "detail": "django\u5165\u95e8", "degree": "cj", "learn_times": 60, "students": 100, "fav_nums": 0, "image": "courses/2018/01/\u4e0b\u8f7d_1.png", "click_nums": 0, "add_time": "2018-01-19T01:50:00", "tag": "django", "category": "django developing"}}, {"model": "courses.course", "pk": 5, "fields": {"course_org": 5, "name": "PHP\u5165\u95e8", "desc": "PHP\u5165\u95e8", "detail": "PHP\u5165\u95e8", "degree": "cj", "learn_times": 60, "students": 100, "fav_nums": 0, "image": "courses/2018/01/php2.png", "click_nums": 0, "add_time": "2018-01-19T01:50:00", "tag": "PHP", "category": "PHP developing"}}, {"model": "courses.course", "pk": 6, "fields": {"course_org": 6, "name": "JavaScript\u5165\u95e8", "desc": "JavaScript\u5165\u95e8", "detail": "JavaScript\u5165\u95e8", "degree": "cj", "learn_times": 60, "students": 100, "fav_nums": 0, "image": "courses/2018/01/\u4e0b\u8f7d_4.png", "click_nums": 0, "add_time": "2018-01-19T01:51:00", "tag": "JavaScript", "category": "JavaScript developing"}}, {"model": "courses.course", "pk": 7, "fields": {"course_org": 7, "name": "python\u5165\u95e8", "desc": "python\u5165\u95e8", "detail": "python\u5165\u95e8", "degree": "cj", "learn_times": 60, "students": 100, "fav_nums": 0, "image": "courses/2018/01/\u4e0b\u8f7d_6LAYpWE.png", "click_nums": 1, "add_time": "2018-01-19T01:51:00", "tag": "python", "category": "python developing"}}, {"model": "courses.course", "pk": 8, "fields": {"course_org": 8, "name": "django\u5165\u95e8", "desc": "django\u5165\u95e8", "detail": "django\u5165\u95e8", "degree": "cj", "learn_times": 60, "students": 100, "fav_nums": 0, "image": "courses/2018/01/django_es_facil.jpeg", "click_nums": 0, "add_time": "2018-01-19T01:51:00", "tag": "django", "category": "django developing"}}, {"model": "courses.course", "pk": 9, "fields": {"course_org": 9, "name": "jQuery\u5165\u95e8", "desc": "jQuery\u5165\u95e8", "detail": "jQuery\u5165\u95e8", "degree": "cj", "learn_times": 60, "students": 100, "fav_nums": 0, "image": "courses/2018/01/\u4e0b\u8f7d_3.png", "click_nums": 0, "add_time": "2018-01-19T01:51:00", "tag": "jQuery", "category": "jQuery developing"}}, {"model": "courses.course", "pk": 10, "fields": {"course_org": 10, "name": "PHP\u5165\u95e8", "desc": "PHP\u5165\u95e8", "detail": "PHP\u5165\u95e8", "degree": "cj", "learn_times": 60, "students": 100, "fav_nums": 0, "image": "courses/2018/01/php.png", "click_nums": 0, "add_time": "2018-01-19T01:51:00", "tag": "PHP", "category": "PHP developing"}}, {"model": "courses.course", "pk": 11, "fields": {"course_org": 11, "name": "Django \u5165\u95e8", "desc": "Django \u5165\u95e8", "detail": "Django \u5165\u95e8", "degree": "zj", "learn_times": 30, "students": 20, "fav_nums": 0, "image": "courses/2018/01/django.jpeg", "click_nums": 0, "add_time": "2018-01-19T01:54:00", "tag": "django", "category": "Django developing"}}, {"model": "courses.course", "pk": 12, "fields": {"course_org": 12, "name": "Django \u5165\u95e8", "desc": "Django \u5165\u95e8", "detail": "Django \u5165\u95e8", "degree": "zj", "learn_times": 30, "students": 20, "fav_nums": 0, "image": "courses/2018/01/django_NHWvTh2.jpeg", "click_nums": 2, "add_time": "2018-01-19T01:55:00", "tag": "django", "category": "Django developing"}}, {"model": "organization.citydict", "pk": 1, "fields": {"name": "\u5317\u4eac\u5e02", "desc": "\u5317\u4eac\u5e02", "add_time": "2018-01-19T01:33:00"}}, {"model": "organization.citydict", "pk": 2, "fields": {"name": "\u5929\u6d25\u5e02", "desc": "\u5929\u6d25\u5e02", "add_time": "2018-01-19T01:33:00"}}, {"model": "organization.citydict", "pk": 3, "fields": {"name": "\u4e0a\u6d77\u5e02", "desc": "\u4e0a\u6d77\u5e02", "add_time": "2018-01-19T01:33:00"}}, {"model": "organization.citydict", "pk": 4, "fields": {"name": "\u6df1\u5733\u5e02", "desc": "\u6df1\u5733\u5e02", "add_time": "2018-01-19T01:34:00"}}, {"model": "organization.courseorg", "pk": 1, "fields": {"name": "\u5c0f\u5b66\u50e7\u5728\u7ebf", "desc": "\u5c0f\u5b66\u50e7\u5728\u7ebf", "click_num": 10, "fav_num": 10, "image": "org/2018/01/\u5c0f\u5b66\u50e7\u5728\u7ebf\u7f51.png", "address": "\u5317\u4eac\u5e02", "add_time": "2018-01-19T01:34:00", "city": 1, "category": "public", "students": 1, "course_nums": 1}}, {"model": "organization.courseorg", "pk": 2, "fields": {"name": "\u5c0f\u5b66\u50e7\u5728\u7ebf2\u73ed", "desc": "\u5c0f\u5b66\u50e7\u5728\u7ebf2\u73ed", "click_num": 10, "fav_num": 10, "image": "org/2018/01/\u5c0f\u5b66\u50e7\u5728\u7ebf\u7f51_HdNpiSE.png", "address": "\u5317\u4eac\u5e02", "add_time": "2018-01-19T01:35:00", "city": 1, "category": "public", "students": 1, "course_nums": 1}}, {"model": "organization.courseorg", "pk": 3, "fields": {"name": "\u5c0f\u5b66\u50e7\u5728\u7ebf3\u73ed", "desc": "\u5c0f\u5b66\u50e7\u5728\u7ebf3\u73ed", "click_num": 10, "fav_num": 10, "image": "org/2018/01/\u5c0f\u5b66\u50e7\u5728\u7ebf\u7f51_PRPXo67.png", "address": "\u5317\u4eac\u5e02", "add_time": "2018-01-19T01:35:00", "city": 1, "category": "public", "students": 1, "course_nums": 1}}, {"model": "organization.courseorg", "pk": 4, "fields": {"name": "\u5b66\u524d\u73ed\u5728\u7ebf\u7f51", "desc": "\u5b66\u524d\u73ed\u5728\u7ebf\u7f51", "click_num": 10, "fav_num": 10, "image": "org/2018/01/\u5b66\u524d\u73ed\u5728\u7ebf\u7f51_cSl8gwI.png", "address": "\u4e0a\u6d77\u5e02", "add_time": "2018-01-19T01:35:00", "city": 3, "category": "public", "students": 1, "course_nums": 1}}, {"model": "organization.courseorg", "pk": 5, "fields": {"name": "\u5b66\u524d\u73ed\u5728\u7ebf\u7f512\u73ed", "desc": "\u5b66\u524d\u73ed\u5728\u7ebf\u7f512\u73ed", "click_num": 10, "fav_num": 10, "image": "org/2018/01/\u5b66\u524d\u73ed\u5728\u7ebf\u7f51_GpvxVir.png", "address": "\u4e0a\u6d77\u5e02", "add_time": "2018-01-19T01:36:00", "city": 3, "category": "public", "students": 1, "course_nums": 1}}, {"model": "organization.courseorg", "pk": 6, "fields": {"name": "\u5b66\u524d\u73ed\u5728\u7ebf\u7f513\u73ed", "desc": "\u5b66\u524d\u73ed\u5728\u7ebf\u7f513\u73ed", "click_num": 10, "fav_num": 10, "image": "org/2018/01/\u5b66\u524d\u73ed\u5728\u7ebf\u7f51_JpJ1kDw.png", "address": "\u4e0a\u6d77\u5e02", "add_time": "2018-01-19T01:36:00", "city": 3, "category": "public", "students": 1, "course_nums": 1}}, {"model": "organization.courseorg", "pk": 7, "fields": {"name": "\u6258\u513f\u6240\u5728\u7ebf\u7f51", "desc": "\u6258\u513f\u6240\u5728\u7ebf\u7f51", "click_num": 10, "fav_num": 10, "image": "org/2018/01/\u6258\u513f\u6240\u5728\u7ebf\u7f51_tXh1GV3.png", "address": "\u5929\u6d25\u5e02", "add_time": "2018-01-19T01:36:00", "city": 2, "category": "public", "students": 1, "course_nums": 1}}, {"model": "organization.courseorg", "pk": 8, "fields": {"name": "\u6258\u513f\u6240\u5728\u7ebf\u7f512\u73ed", "desc": "\u6258\u513f\u6240\u5728\u7ebf\u7f512\u73ed", "click_num": 10, "fav_num": 10, "image": "org/2018/01/\u6258\u513f\u6240\u5728\u7ebf\u7f51.png", "address": "\u5929\u6d25\u5e02", "add_time": "2018-01-19T01:37:00", "city": 2, "category": "public", "students": 1, "course_nums": 1}}, {"model": "organization.courseorg", "pk": 9, "fields": {"name": "\u6258\u513f\u6240\u5728\u7ebf\u7f513\u73ed", "desc": "\u6258\u513f\u6240\u5728\u7ebf\u7f513\u73ed", "click_num": 10, "fav_num": 10, "image": "org/2018/01/\u6258\u513f\u6240\u5728\u7ebf\u7f51_YLAqSMP.png", "address": "\u5929\u6d25\u5e02", "add_time": "2018-01-19T01:37:00", "city": 2, "category": "public", "students": 1, "course_nums": 1}}, {"model": "organization.courseorg", "pk": 10, "fields": {"name": "\u5e7c\u513f\u56ed\u5728\u7ebf", "desc": "\u5e7c\u513f\u56ed\u5728\u7ebf", "click_num": 10, "fav_num": 10, "image": "org/2018/01/\u5e7c\u513f\u56ed\u5728\u7ebf\u7f51_xgKNe48.png", "address": "\u6df1\u5733\u5e02", "add_time": "2018-01-19T01:38:00", "city": 4, "category": "public", "students": 10, "course_nums": 0}}, {"model": "organization.courseorg", "pk": 11, "fields": {"name": "\u5e7c\u513f\u56ed\u5728\u7ebf2\u73ed", "desc": "\u5e7c\u513f\u56ed\u5728\u7ebf2\u73ed", "click_num": 10, "fav_num": 10, "image": "org/2018/01/\u5e7c\u513f\u56ed\u5728\u7ebf\u7f51_muMtICz.png", "address": "\u6df1\u5733\u5e02", "add_time": "2018-01-19T01:38:00", "city": 4, "category": "public", "students": 10, "course_nums": 0}}, {"model": "organization.courseorg", "pk": 12, "fields": {"name": "\u5e7c\u513f\u56ed\u5728\u7ebf3\u73ed", "desc": "\u5e7c\u513f\u56ed\u5728\u7ebf3\u73ed", "click_num": 10, "fav_num": 10, "image": "org/2018/01/\u5e7c\u513f\u56ed\u5728\u7ebf\u7f51_W3mGnbk.png", "address": "\u6df1\u5733\u5e02", "add_time": "2018-01-19T01:39:00", "city": 4, "category": "public", "students": 10, "course_nums": 0}}, {"model": "organization.teacher", "pk": 1, "fields": {"org": 1, "name": "apolo", "work_years": 10, "work_company": "\u5c0f\u5b66\u50e7\u5728\u7ebf", "position": "\u6559\u5e08", "points": "\u6d3b\u6cfc\u70ed\u60c5", "click_num": 100, "fav_num": 10, "image": "org/teacher/2018/01/\u7ad9\u957f\u963f\u6ce2\u7f57_k9NgcaS.jpeg", "add_time": "2018-01-19T01:39:00"}}, {"model": "organization.teacher", "pk": 2, "fields": {"org": 2, "name": "\u5c0f\u91d1", "work_years": 10, "work_company": "\u5c0f\u5b66\u50e7\u5728\u7ebf2\u73ed", "position": "\u6559\u5e08", "points": "\u6d3b\u6cfc\u70ed\u60c5", "click_num": 100, "fav_num": 10, "image": "org/teacher/2018/01/\u5c0f\u91d1_mw8eAl9.png", "add_time": "2018-01-19T01:39:00"}}, {"model": "organization.teacher", "pk": 3, "fields": {"org": 3, "name": "\u5c0f\u91d1", "work_years": 10, "work_company": "\u5c0f\u5b66\u50e7\u5728\u7ebf3\u73ed", "position": "\u6559\u5e08", "points": "\u6d3b\u6cfc\u70ed\u60c5", "click_num": 100, "fav_num": 10, "image": "org/teacher/2018/01/\u5c0f\u91d1_Bk1pqoL.png", "add_time": "2018-01-19T01:40:00"}}, {"model": "organization.teacher", "pk": 4, "fields": {"org": 4, "name": "\u5c0f\u8428", "work_years": 10, "work_company": "\u5b66\u524d\u73ed\u5728\u7ebf", "position": "\u6559\u5e08", "points": "\u6d3b\u6cfc\u70ed\u60c5", "click_num": 100, "fav_num": 10, "image": "org/teacher/2018/01/\u5c0f\u8428\u6469_PTWxpMr.jpg", "add_time": "2018-01-19T01:40:00"}}, {"model": "organization.teacher", "pk": 5, "fields": {"org": 5, "name": "\u5c0f\u8428", "work_years": 10, "work_company": "\u5b66\u524d\u73ed\u5728\u7ebf2\u73ed", "position": "\u6559\u5e08", "points": "\u6d3b\u6cfc\u70ed\u60c5", "click_num": 100, "fav_num": 10, "image": "org/teacher/2018/01/\u5c0f\u8428\u6469_PYJaRwx.jpg", "add_time": "2018-01-19T01:41:00"}}, {"model": "organization.teacher", "pk": 6, "fields": {"org": 6, "name": "\u5c0f\u8428", "work_years": 10, "work_company": "\u5b66\u524d\u73ed\u5728\u7ebf3\u73ed", "position": "\u6559\u5e08", "points": "\u6d3b\u6cfc\u70ed\u60c5", "click_num": 100, "fav_num": 10, "image": "org/teacher/2018/01/\u5c0f\u8428\u6469_q7zrWCb.jpg", "add_time": "2018-01-19T01:41:00"}}, {"model": "organization.teacher", "pk": 7, "fields": {"org": 7, "name": "\u5c0f\u54c8", "work_years": 10, "work_company": "\u6258\u513f\u6240\u5728\u7ebf\u7f51", "position": "\u6559\u5e08", "points": "\u6d3b\u6cfc\u70ed\u60c5", "click_num": 100, "fav_num": 10, "image": "org/teacher/2018/01/\u5c0f\u54c8.png", "add_time": "2018-01-19T01:41:00"}}, {"model": "organization.teacher", "pk": 8, "fields": {"org": 8, "name": "\u5c0f\u54c8", "work_years": 10, "work_company": "\u6258\u513f\u6240\u5728\u7ebf\u7f512\u73ed", "position": "\u6559\u5e08", "points": "\u6d3b\u6cfc\u70ed\u60c5", "click_num": 100, "fav_num": 10, "image": "org/teacher/2018/01/\u5c0f\u54c8_wCn8gH9.png", "add_time": "2018-01-19T01:41:00"}}, {"model": "organization.teacher", "pk": 9, "fields": {"org": 9, "name": "\u5c0f\u54c8", "work_years": 10, "work_company": "\u6258\u513f\u6240\u5728\u7ebf\u7f513\u73ed", "position": "\u6559\u5e08", "points": "\u6d3b\u6cfc\u70ed\u60c5", "click_num": 100, "fav_num": 10, "image": "org/teacher/2018/01/\u5c0f\u54c8_PykI9IS.png", "add_time": "2018-01-19T01:41:00"}}, {"model": "organization.teacher", "pk": 10, "fields": {"org": 10, "name": "\u5c0f\u54c8", "work_years": 10, "work_company": "\u5e7c\u513f\u56ed\u5728\u7ebf\u7f51", "position": "\u6559\u5e08", "points": "\u6d3b\u6cfc\u70ed\u60c5", "click_num": 100, "fav_num": 10, "image": "org/teacher/2018/01/\u5c0f\u91d1_PX4p3Nr.png", "add_time": "2018-01-19T01:41:00"}}, {"model": "organization.teacher", "pk": 11, "fields": {"org": 11, "name": "\u5c0f\u54c8", "work_years": 10, "work_company": "\u5e7c\u513f\u56ed\u5728\u7ebf\u7f512\u73ed", "position": "\u6559\u5e08", "points": "\u6d3b\u6cfc\u70ed\u60c5", "click_num": 100, "fav_num": 10, "image": "org/teacher/2018/01/\u5c0f\u91d1_KjBXRZS.png", "add_time": "2018-01-19T01:42:00"}}, {"model": "organization.teacher", "pk": 12, "fields": {"org": 12, "name": "\u5c0f\u54c8", "work_years": 10, "work_company": "\u5e7c\u513f\u56ed\u5728\u7ebf\u7f513\u73ed", "position": "\u6559\u5e08", "points": "\u6d3b\u6cfc\u70ed\u60c5", "click_num": 100, "fav_num": 10, "image": "org/teacher/2018/01/\u5c0f\u91d1_UNcVd8S.png", "add_time": "2018-01-19T01:42:00"}}, {"model": "auth.permission", "pk": 1, "fields": {"name": "Can add log entry", "content_type": 1, "codename": "add_logentry"}}, {"model": "auth.permission", "pk": 2, "fields": {"name": "Can change log entry", "content_type": 1, "codename": "change_logentry"}}, {"model": "auth.permission", "pk": 3, "fields": {"name": "Can delete log entry", "content_type": 1, "codename": "delete_logentry"}}, {"model": "auth.permission", "pk": 4, "fields": {"name": "Can view log entry", "content_type": 1, "codename": "view_logentry"}}, {"model": "auth.permission", "pk": 5, "fields": {"name": "Can add permission", "content_type": 2, "codename": "add_permission"}}, {"model": "auth.permission", "pk": 6, "fields": {"name": "Can change permission", "content_type": 2, "codename": "change_permission"}}, {"model": "auth.permission", "pk": 7, "fields": {"name": "Can delete permission", "content_type": 2, "codename": "delete_permission"}}, {"model": "auth.permission", "pk": 8, "fields": {"name": "Can add group", "content_type": 3, "codename": "add_group"}}, {"model": "auth.permission", "pk": 9, "fields": {"name": "Can change group", "content_type": 3, "codename": "change_group"}}, {"model": "auth.permission", "pk": 10, "fields": {"name": "Can delete group", "content_type": 3, "codename": "delete_group"}}, {"model": "auth.permission", "pk": 11, "fields": {"name": "Can view group", "content_type": 3, "codename": "view_group"}}, {"model": "auth.permission", "pk": 12, "fields": {"name": "Can view permission", "content_type": 2, "codename": "view_permission"}}, {"model": "auth.permission", "pk": 13, "fields": {"name": "Can add content type", "content_type": 4, "codename": "add_contenttype"}}, {"model": "auth.permission", "pk": 14, "fields": {"name": "Can change content type", "content_type": 4, "codename": "change_contenttype"}}, {"model": "auth.permission", "pk": 15, "fields": {"name": "Can delete content type", "content_type": 4, "codename": "delete_contenttype"}}, {"model": "auth.permission", "pk": 16, "fields": {"name": "Can view content type", "content_type": 4, "codename": "view_contenttype"}}, {"model": "auth.permission", "pk": 17, "fields": {"name": "Can add session", "content_type": 5, "codename": "add_session"}}, {"model": "auth.permission", "pk": 18, "fields": {"name": "Can change session", "content_type": 5, "codename": "change_session"}}, {"model": "auth.permission", "pk": 19, "fields": {"name": "Can delete session", "content_type": 5, "codename": "delete_session"}}, {"model": "auth.permission", "pk": 20, "fields": {"name": "Can view session", "content_type": 5, "codename": "view_session"}}, {"model": "auth.permission", "pk": 21, "fields": {"name": "Can add \u7528\u6237\u4fe1\u606f", "content_type": 6, "codename": "add_userprofile"}}, {"model": "auth.permission", "pk": 22, "fields": {"name": "Can change \u7528\u6237\u4fe1\u606f", "content_type": 6, "codename": "change_userprofile"}}, {"model": "auth.permission", "pk": 23, "fields": {"name": "Can delete \u7528\u6237\u4fe1\u606f", "content_type": 6, "codename": "delete_userprofile"}}, {"model": "auth.permission", "pk": 24, "fields": {"name": "Can add \u90ae\u7bb1\u9a8c\u8bc1\u7801", "content_type": 7, "codename": "add_emailverifyrecord"}}, {"model": "auth.permission", "pk": 25, "fields": {"name": "Can change \u90ae\u7bb1\u9a8c\u8bc1\u7801", "content_type": 7, "codename": "change_emailverifyrecord"}}, {"model": "auth.permission", "pk": 26, "fields": {"name": "Can delete \u90ae\u7bb1\u9a8c\u8bc1\u7801", "content_type": 7, "codename": "delete_emailverifyrecord"}}, {"model": "auth.permission", "pk": 27, "fields": {"name": "Can add \u8f6e\u64ad\u56fe", "content_type": 8, "codename": "add_banner"}}, {"model": "auth.permission", "pk": 28, "fields": {"name": "Can change \u8f6e\u64ad\u56fe", "content_type": 8, "codename": "change_banner"}}, {"model": "auth.permission", "pk": 29, "fields": {"name": "Can delete \u8f6e\u64ad\u56fe", "content_type": 8, "codename": "delete_banner"}}, {"model": "auth.permission", "pk": 30, "fields": {"name": "Can view \u8f6e\u64ad\u56fe", "content_type": 8, "codename": "view_banner"}}, {"model": "auth.permission", "pk": 31, "fields": {"name": "Can view \u90ae\u7bb1\u9a8c\u8bc1\u7801", "content_type": 7, "codename": "view_emailverifyrecord"}}, {"model": "auth.permission", "pk": 32, "fields": {"name": "Can view \u7528\u6237\u4fe1\u606f", "content_type": 6, "codename": "view_userprofile"}}, {"model": "auth.permission", "pk": 33, "fields": {"name": "Can add \u8bfe\u7a0b", "content_type": 9, "codename": "add_course"}}, {"model": "auth.permission", "pk": 34, "fields": {"name": "Can change \u8bfe\u7a0b", "content_type": 9, "codename": "change_course"}}, {"model": "auth.permission", "pk": 35, "fields": {"name": "Can delete \u8bfe\u7a0b", "content_type": 9, "codename": "delete_course"}}, {"model": "auth.permission", "pk": 36, "fields": {"name": "Can add \u7ae0\u8282", "content_type": 10, "codename": "add_lesson"}}, {"model": "auth.permission", "pk": 37, "fields": {"name": "Can change \u7ae0\u8282", "content_type": 10, "codename": "change_lesson"}}, {"model": "auth.permission", "pk": 38, "fields": {"name": "Can delete \u7ae0\u8282", "content_type": 10, "codename": "delete_lesson"}}, {"model": "auth.permission", "pk": 39, "fields": {"name": "Can add \u89c6\u9891", "content_type": 11, "codename": "add_video"}}, {"model": "auth.permission", "pk": 40, "fields": {"name": "Can change \u89c6\u9891", "content_type": 11, "codename": "change_video"}}, {"model": "auth.permission", "pk": 41, "fields": {"name": "Can delete \u89c6\u9891", "content_type": 11, "codename": "delete_video"}}, {"model": "auth.permission", "pk": 42, "fields": {"name": "Can add \u8bfe\u7a0b\u8d44\u6e90", "content_type": 12, "codename": "add_courseresource"}}, {"model": "auth.permission", "pk": 43, "fields": {"name": "Can change \u8bfe\u7a0b\u8d44\u6e90", "content_type": 12, "codename": "change_courseresource"}}, {"model": "auth.permission", "pk": 44, "fields": {"name": "Can delete \u8bfe\u7a0b\u8d44\u6e90", "content_type": 12, "codename": "delete_courseresource"}}, {"model": "auth.permission", "pk": 45, "fields": {"name": "Can view \u8bfe\u7a0b", "content_type": 9, "codename": "view_course"}}, {"model": "auth.permission", "pk": 46, "fields": {"name": "Can view \u8bfe\u7a0b\u8d44\u6e90", "content_type": 12, "codename": "view_courseresource"}}, {"model": "auth.permission", "pk": 47, "fields": {"name": "Can view \u7ae0\u8282", "content_type": 10, "codename": "view_lesson"}}, {"model": "auth.permission", "pk": 48, "fields": {"name": "Can view \u89c6\u9891", "content_type": 11, "codename": "view_video"}}, {"model": "auth.permission", "pk": 49, "fields": {"name": "Can add \u7528\u6237\u54a8\u8be2", "content_type": 13, "codename": "add_userask"}}, {"model": "auth.permission", "pk": 50, "fields": {"name": "Can change \u7528\u6237\u54a8\u8be2", "content_type": 13, "codename": "change_userask"}}, {"model": "auth.permission", "pk": 51, "fields": {"name": "Can delete \u7528\u6237\u54a8\u8be2", "content_type": 13, "codename": "delete_userask"}}, {"model": "auth.permission", "pk": 52, "fields": {"name": "Can add \u8bfe\u7a0b\u8bc4\u8bba", "content_type": 14, "codename": "add_coursecomments"}}, {"model": "auth.permission", "pk": 53, "fields": {"name": "Can change \u8bfe\u7a0b\u8bc4\u8bba", "content_type": 14, "codename": "change_coursecomments"}}, {"model": "auth.permission", "pk": 54, "fields": {"name": "Can delete \u8bfe\u7a0b\u8bc4\u8bba", "content_type": 14, "codename": "delete_coursecomments"}}, {"model": "auth.permission", "pk": 55, "fields": {"name": "Can add \u7528\u6237\u6536\u85cf", "content_type": 15, "codename": "add_userfavorite"}}, {"model": "auth.permission", "pk": 56, "fields": {"name": "Can change \u7528\u6237\u6536\u85cf", "content_type": 15, "codename": "change_userfavorite"}}, {"model": "auth.permission", "pk": 57, "fields": {"name": "Can delete \u7528\u6237\u6536\u85cf", "content_type": 15, "codename": "delete_userfavorite"}}, {"model": "auth.permission", "pk": 58, "fields": {"name": "Can add \u7528\u6237\u6d88\u606f", "content_type": 16, "codename": "add_usermessage"}}, {"model": "auth.permission", "pk": 59, "fields": {"name": "Can change \u7528\u6237\u6d88\u606f", "content_type": 16, "codename": "change_usermessage"}}, {"model": "auth.permission", "pk": 60, "fields": {"name": "Can delete \u7528\u6237\u6d88\u606f", "content_type": 16, "codename": "delete_usermessage"}}, {"model": "auth.permission", "pk": 61, "fields": {"name": "Can add \u7528\u6237\u8bfe\u7a0b", "content_type": 17, "codename": "add_usercourse"}}, {"model": "auth.permission", "pk": 62, "fields": {"name": "Can change \u7528\u6237\u8bfe\u7a0b", "content_type": 17, "codename": "change_usercourse"}}, {"model": "auth.permission", "pk": 63, "fields": {"name": "Can delete \u7528\u6237\u8bfe\u7a0b", "content_type": 17, "codename": "delete_usercourse"}}, {"model": "auth.permission", "pk": 64, "fields": {"name": "Can view \u8bfe\u7a0b\u8bc4\u8bba", "content_type": 14, "codename": "view_coursecomments"}}, {"model": "auth.permission", "pk": 65, "fields": {"name": "Can view \u7528\u6237\u54a8\u8be2", "content_type": 13, "codename": "view_userask"}}, {"model": "auth.permission", "pk": 66, "fields": {"name": "Can view \u7528\u6237\u8bfe\u7a0b", "content_type": 17, "codename": "view_usercourse"}}, {"model": "auth.permission", "pk": 67, "fields": {"name": "Can view \u7528\u6237\u6536\u85cf", "content_type": 15, "codename": "view_userfavorite"}}, {"model": "auth.permission", "pk": 68, "fields": {"name": "Can view \u7528\u6237\u6d88\u606f", "content_type": 16, "codename": "view_usermessage"}}, {"model": "auth.permission", "pk": 69, "fields": {"name": "Can add \u57ce\u5e02", "content_type": 18, "codename": "add_citydict"}}, {"model": "auth.permission", "pk": 70, "fields": {"name": "Can change \u57ce\u5e02", "content_type": 18, "codename": "change_citydict"}}, {"model": "auth.permission", "pk": 71, "fields": {"name": "Can delete \u57ce\u5e02", "content_type": 18, "codename": "delete_citydict"}}, {"model": "auth.permission", "pk": 72, "fields": {"name": "Can add \u8bfe\u7a0b\u673a\u6784", "content_type": 19, "codename": "add_courseorg"}}, {"model": "auth.permission", "pk": 73, "fields": {"name": "Can change \u8bfe\u7a0b\u673a\u6784", "content_type": 19, "codename": "change_courseorg"}}, {"model": "auth.permission", "pk": 74, "fields": {"name": "Can delete \u8bfe\u7a0b\u673a\u6784", "content_type": 19, "codename": "delete_courseorg"}}, {"model": "auth.permission", "pk": 75, "fields": {"name": "Can add \u6559\u5e08", "content_type": 20, "codename": "add_teacher"}}, {"model": "auth.permission", "pk": 76, "fields": {"name": "Can change \u6559\u5e08", "content_type": 20, "codename": "change_teacher"}}, {"model": "auth.permission", "pk": 77, "fields": {"name": "Can delete \u6559\u5e08", "content_type": 20, "codename": "delete_teacher"}}, {"model": "auth.permission", "pk": 78, "fields": {"name": "Can view \u57ce\u5e02", "content_type": 18, "codename": "view_citydict"}}, {"model": "auth.permission", "pk": 79, "fields": {"name": "Can view \u8bfe\u7a0b\u673a\u6784", "content_type": 19, "codename": "view_courseorg"}}, {"model": "auth.permission", "pk": 80, "fields": {"name": "Can view \u6559\u5e08", "content_type": 20, "codename": "view_teacher"}}, {"model": "auth.permission", "pk": 81, "fields": {"name": "Can add Bookmark", "content_type": 21, "codename": "add_bookmark"}}, {"model": "auth.permission", "pk": 82, "fields": {"name": "Can change Bookmark", "content_type": 21, "codename": "change_bookmark"}}, {"model": "auth.permission", "pk": 83, "fields": {"name": "Can delete Bookmark", "content_type": 21, "codename": "delete_bookmark"}}, {"model": "auth.permission", "pk": 84, "fields": {"name": "Can add User Setting", "content_type": 22, "codename": "add_usersettings"}}, {"model": "auth.permission", "pk": 85, "fields": {"name": "Can change User Setting", "content_type": 22, "codename": "change_usersettings"}}, {"model": "auth.permission", "pk": 86, "fields": {"name": "Can delete User Setting", "content_type": 22, "codename": "delete_usersettings"}}, {"model": "auth.permission", "pk": 87, "fields": {"name": "Can add User Widget", "content_type": 23, "codename": "add_userwidget"}}, {"model": "auth.permission", "pk": 88, "fields": {"name": "Can change User Widget", "content_type": 23, "codename": "change_userwidget"}}, {"model": "auth.permission", "pk": 89, "fields": {"name": "Can delete User Widget", "content_type": 23, "codename": "delete_userwidget"}}, {"model": "auth.permission", "pk": 90, "fields": {"name": "Can add log entry", "content_type": 24, "codename": "add_log"}}, {"model": "auth.permission", "pk": 91, "fields": {"name": "Can change log entry", "content_type": 24, "codename": "change_log"}}, {"model": "auth.permission", "pk": 92, "fields": {"name": "Can delete log entry", "content_type": 24, "codename": "delete_log"}}, {"model": "auth.permission", "pk": 93, "fields": {"name": "Can view Bookmark", "content_type": 21, "codename": "view_bookmark"}}, {"model": "auth.permission", "pk": 94, "fields": {"name": "Can view log entry", "content_type": 24, "codename": "view_log"}}, {"model": "auth.permission", "pk": 95, "fields": {"name": "Can view User Setting", "content_type": 22, "codename": "view_usersettings"}}, {"model": "auth.permission", "pk": 96, "fields": {"name": "Can view User Widget", "content_type": 23, "codename": "view_userwidget"}}, {"model": "auth.permission", "pk": 97, "fields": {"name": "Can add captcha store", "content_type": 25, "codename": "add_captchastore"}}, {"model": "auth.permission", "pk": 98, "fields": {"name": "Can change captcha store", "content_type": 25, "codename": "change_captchastore"}}, {"model": "auth.permission", "pk": 99, "fields": {"name": "Can delete captcha store", "content_type": 25, "codename": "delete_captchastore"}}, {"model": "auth.permission", "pk": 100, "fields": {"name": "Can view captcha store", "content_type": 25, "codename": "view_captchastore"}}, {"model": "users.userprofile", "pk": 1, "fields": {"password": "pbkdf2_sha256$24000$kw1Dc3qk0pfO$0s2zcltO5yaGIHVfBK5sTAlxZowrMAKGYrTqIE+mEcg=", "last_login": "2018-01-19T01:32:00", "is_superuser": true, "username": "apolo", "first_name": "\u963f\u6ce2\u7f57", "last_name": "\u675c", "email": "dudueasy@126.com", "is_staff": true, "is_active": true, "date_joined": "2018-01-19T01:31:00", "nick_name": "apolodu", "birthday": null, "gender": "male", "address": "china", "mobile": "", "image": "image/2018/01/\u7ad9\u957f\u963f\u6ce2\u7f57_JdoB1Z1.jpeg", "groups": [], "user_permissions": []}}, {"model": "users.userprofile", "pk": 2, "fields": {"password": "pbkdf2_sha256$24000$Zj3xrIMeETtK$EGX2F+wWqLJDyaPYzlPi/Fhr5CUEW8KKZkHZ+AP9HAI=", "last_login": null, "is_superuser": false, "username": "apolo1", "first_name": "", "last_name": "", "email": "", "is_staff": false, "is_active": true, "date_joined": "2018-01-19T01:32:00", "nick_name": "dudu", "birthday": null, "gender": "male", "address": "china", "mobile": "", "image": "image/2018/01/\u9ad8\u8fbe2_amsjfTa.jpeg", "groups": [], "user_permissions": []}}, {"model": "users.userprofile", "pk": 3, "fields": {"password": "pbkdf2_sha256$24000$ivVLDMcP3h4a$eaTETsf6sD8qR+Myf/ks6eg0d0d3/jUQs4XX29PvS4M=", "last_login": null, "is_superuser": false, "username": "apolo2", "first_name": "", "last_name": "", "email": "", "is_staff": false, "is_active": true, "date_joined": "2018-01-19T01:33:00", "nick_name": "du", "birthday": null, "gender": "male", "address": "china", "mobile": "", "image": "image/2018/01/\u9ad8\u8fbe_6QmD6w7.jpeg", "groups": [], "user_permissions": []}}, {"model": "operation.usercourse", "pk": 1, "fields": {"user": 2, "course": 11, "add_time": "2018-01-19T01:56:00"}}, {"model": "operation.usercourse", "pk": 2, "fields": {"user": 2, "course": 1, "add_time": "2018-01-19T01:56:00"}}, {"model": "operation.usercourse", "pk": 3, "fields": {"user": 1, "course": 5, "add_time": "2018-01-19T01:57:00"}}, {"model": "operation.usercourse", "pk": 4, "fields": {"user": 1, "course": 9, "add_time": "2018-01-19T01:57:00"}}, {"model": "xadmin.usersettings", "pk": 1, "fields": {"user": 1, "key": "dashboard:home:pos", "value": ""}}, {"model": "xadmin.log", "pk": 1, "fields": {"action_time": "2018-01-19T01:32:51.230", "user": 1, "ip_addr": "127.0.0.1", "content_type": 6, "object_id": "2", "object_repr": "apolo1", "action_flag": "create", "message": "\u5df2\u6dfb\u52a0\u3002"}}, {"model": "xadmin.log", "pk": 2, "fields": {"action_time": "2018-01-19T01:33:13.338", "user": 1, "ip_addr": "127.0.0.1", "content_type": 6, "object_id": "3", "object_repr": "apolo2", "action_flag": "create", "message": "\u5df2\u6dfb\u52a0\u3002"}}, {"model": "xadmin.log", "pk": 3, "fields": {"action_time": "2018-01-19T01:33:42.296", "user": 1, "ip_addr": "127.0.0.1", "content_type": 18, "object_id": "1", "object_repr": "\u5317\u4eac\u5e02", "action_flag": "create", "message": "\u5df2\u6dfb\u52a0\u3002"}}, {"model": "xadmin.log", "pk": 4, "fields": {"action_time": "2018-01-19T01:33:54.646", "user": 1, "ip_addr": "127.0.0.1", "content_type": 18, "object_id": "2", "object_repr": "\u5929\u6d25\u5e02", "action_flag": "create", "message": "\u5df2\u6dfb\u52a0\u3002"}}, {"model": "xadmin.log", "pk": 5, "fields": {"action_time": "2018-01-19T01:34:02.117", "user": 1, "ip_addr": "127.0.0.1", "content_type": 18, "object_id": "3", "object_repr": "\u4e0a\u6d77\u5e02", "action_flag": "create", "message": "\u5df2\u6dfb\u52a0\u3002"}}, {"model": "xadmin.log", "pk": 6, "fields": {"action_time": "2018-01-19T01:34:16.106", "user": 1, "ip_addr": "127.0.0.1", "content_type": 18, "object_id": "4", "object_repr": "\u6df1\u5733\u5e02", "action_flag": "create", "message": "\u5df2\u6dfb\u52a0\u3002"}}, {"model": "xadmin.log", "pk": 7, "fields": {"action_time": "2018-01-19T01:35:15.146", "user": 1, "ip_addr": "127.0.0.1", "content_type": 19, "object_id": "1", "object_repr": "\u5c0f\u5b66\u50e7\u5728\u7ebf", "action_flag": "create", "message": "\u5df2\u6dfb\u52a0\u3002"}}, {"model": "xadmin.log", "pk": 8, "fields": {"action_time": "2018-01-19T01:35:34.670", "user": 1, "ip_addr": "127.0.0.1", "content_type": 19, "object_id": "2", "object_repr": "\u5c0f\u5b66\u50e7\u5728\u7ebf2\u73ed", "action_flag": "create", "message": "\u5df2\u6dfb\u52a0\u3002"}}, {"model": "xadmin.log", "pk": 9, "fields": {"action_time": "2018-01-19T01:35:43.956", "user": 1, "ip_addr": "127.0.0.1", "content_type": 19, "object_id": "3", "object_repr": "\u5c0f\u5b66\u50e7\u5728\u7ebf3\u73ed", "action_flag": "create", "message": "\u5df2\u6dfb\u52a0\u3002"}}, {"model": "xadmin.log", "pk": 10, "fields": {"action_time": "2018-01-19T01:36:22.448", "user": 1, "ip_addr": "127.0.0.1", "content_type": 19, "object_id": "4", "object_repr": "\u5b66\u524d\u73ed\u5728\u7ebf\u7f51", "action_flag": "create", "message": "\u5df2\u6dfb\u52a0\u3002"}}, {"model": "xadmin.log", "pk": 11, "fields": {"action_time": "2018-01-19T01:36:35.233", "user": 1, "ip_addr": "127.0.0.1", "content_type": 19, "object_id": "5", "object_repr": "\u5b66\u524d\u73ed\u5728\u7ebf\u7f512\u73ed", "action_flag": "create", "message": "\u5df2\u6dfb\u52a0\u3002"}}, {"model": "xadmin.log", "pk": 12, "fields": {"action_time": "2018-01-19T01:36:46.947", "user": 1, "ip_addr": "127.0.0.1", "content_type": 19, "object_id": "6", "object_repr": "\u5b66\u524d\u73ed\u5728\u7ebf\u7f513\u73ed", "action_flag": "create", "message": "\u5df2\u6dfb\u52a0\u3002"}}, {"model": "xadmin.log", "pk": 13, "fields": {"action_time": "2018-01-19T01:37:10.253", "user": 1, "ip_addr": "127.0.0.1", "content_type": 19, "object_id": "7", "object_repr": "\u6258\u513f\u6240\u5728\u7ebf\u7f51", "action_flag": "create", "message": "\u5df2\u6dfb\u52a0\u3002"}}, {"model": "xadmin.log", "pk": 14, "fields": {"action_time": "2018-01-19T01:37:42.060", "user": 1, "ip_addr": "127.0.0.1", "content_type": 19, "object_id": "8", "object_repr": "\u6258\u513f\u6240\u5728\u7ebf\u7f512\u73ed", "action_flag": "create", "message": "\u5df2\u6dfb\u52a0\u3002"}}, {"model": "xadmin.log", "pk": 15, "fields": {"action_time": "2018-01-19T01:37:55.386", "user": 1, "ip_addr": "127.0.0.1", "content_type": 19, "object_id": "9", "object_repr": "\u6258\u513f\u6240\u5728\u7ebf\u7f513\u73ed", "action_flag": "create", "message": "\u5df2\u6dfb\u52a0\u3002"}}, {"model": "xadmin.log", "pk": 16, "fields": {"action_time": "2018-01-19T01:38:11.091", "user": 1, "ip_addr": "127.0.0.1", "content_type": 19, "object_id": "7", "object_repr": "\u6258\u513f\u6240\u5728\u7ebf\u7f51", "action_flag": "change", "message": "\u5df2\u4fee\u6539 image \u3002"}}, {"model": "xadmin.log", "pk": 17, "fields": {"action_time": "2018-01-19T01:38:45.577", "user": 1, "ip_addr": "127.0.0.1", "content_type": 19, "object_id": "10", "object_repr": "\u5e7c\u513f\u56ed\u5728\u7ebf", "action_flag": "create", "message": "\u5df2\u6dfb\u52a0\u3002"}}, {"model": "xadmin.log", "pk": 18, "fields": {"action_time": "2018-01-19T01:39:01.286", "user": 1, "ip_addr": "127.0.0.1", "content_type": 19, "object_id": "11", "object_repr": "\u5e7c\u513f\u56ed\u5728\u7ebf2\u73ed", "action_flag": "create", "message": "\u5df2\u6dfb\u52a0\u3002"}}, {"model": "xadmin.log", "pk": 19, "fields": {"action_time": "2018-01-19T01:39:09.401", "user": 1, "ip_addr": "127.0.0.1", "content_type": 19, "object_id": "12", "object_repr": "\u5e7c\u513f\u56ed\u5728\u7ebf3\u73ed", "action_flag": "create", "message": "\u5df2\u6dfb\u52a0\u3002"}}, {"model": "xadmin.log", "pk": 20, "fields": {"action_time": "2018-01-19T01:39:49.821", "user": 1, "ip_addr": "127.0.0.1", "content_type": 20, "object_id": "1", "object_repr": "apolo", "action_flag": "create", "message": "\u5df2\u6dfb\u52a0\u3002"}}, {"model": "xadmin.log", "pk": 21, "fields": {"action_time": "2018-01-19T01:40:21.914", "user": 1, "ip_addr": "127.0.0.1", "content_type": 20, "object_id": "2", "object_repr": "\u5c0f\u91d1", "action_flag": "create", "message": "\u5df2\u6dfb\u52a0\u3002"}}, {"model": "xadmin.log", "pk": 22, "fields": {"action_time": "2018-01-19T01:40:34.800", "user": 1, "ip_addr": "127.0.0.1", "content_type": 20, "object_id": "3", "object_repr": "\u5c0f\u91d1", "action_flag": "create", "message": "\u5df2\u6dfb\u52a0\u3002"}}, {"model": "xadmin.log", "pk": 23, "fields": {"action_time": "2018-01-19T01:41:05.254", "user": 1, "ip_addr": "127.0.0.1", "content_type": 20, "object_id": "4", "object_repr": "\u5c0f\u8428", "action_flag": "create", "message": "\u5df2\u6dfb\u52a0\u3002"}}, {"model": "xadmin.log", "pk": 24, "fields": {"action_time": "2018-01-19T01:41:10.433", "user": 1, "ip_addr": "127.0.0.1", "content_type": 20, "object_id": "5", "object_repr": "\u5c0f\u8428", "action_flag": "create", "message": "\u5df2\u6dfb\u52a0\u3002"}}, {"model": "xadmin.log", "pk": 25, "fields": {"action_time": "2018-01-19T01:41:21.202", "user": 1, "ip_addr": "127.0.0.1", "content_type": 20, "object_id": "6", "object_repr": "\u5c0f\u8428", "action_flag": "create", "message": "\u5df2\u6dfb\u52a0\u3002"}}, {"model": "xadmin.log", "pk": 26, "fields": {"action_time": "2018-01-19T01:41:44.502", "user": 1, "ip_addr": "127.0.0.1", "content_type": 20, "object_id": "7", "object_repr": "\u5c0f\u54c8", "action_flag": "create", "message": "\u5df2\u6dfb\u52a0\u3002"}}, {"model": "xadmin.log", "pk": 27, "fields": {"action_time": "2018-01-19T01:41:50.841", "user": 1, "ip_addr": "127.0.0.1", "content_type": 20, "object_id": "8", "object_repr": "\u5c0f\u54c8", "action_flag": "create", "message": "\u5df2\u6dfb\u52a0\u3002"}}, {"model": "xadmin.log", "pk": 28, "fields": {"action_time": "2018-01-19T01:41:55.783", "user": 1, "ip_addr": "127.0.0.1", "content_type": 20, "object_id": "9", "object_repr": "\u5c0f\u54c8", "action_flag": "create", "message": "\u5df2\u6dfb\u52a0\u3002"}}, {"model": "xadmin.log", "pk": 29, "fields": {"action_time": "2018-01-19T01:42:17.812", "user": 1, "ip_addr": "127.0.0.1", "content_type": 20, "object_id": "10", "object_repr": "\u5c0f\u54c8", "action_flag": "create", "message": "\u5df2\u6dfb\u52a0\u3002"}}, {"model": "xadmin.log", "pk": 30, "fields": {"action_time": "2018-01-19T01:42:28.046", "user": 1, "ip_addr": "127.0.0.1", "content_type": 20, "object_id": "11", "object_repr": "\u5c0f\u54c8", "action_flag": "create", "message": "\u5df2\u6dfb\u52a0\u3002"}}, {"model": "xadmin.log", "pk": 31, "fields": {"action_time": "2018-01-19T01:42:34.758", "user": 1, "ip_addr": "127.0.0.1", "content_type": 20, "object_id": "12", "object_repr": "\u5c0f\u54c8", "action_flag": "create", "message": "\u5df2\u6dfb\u52a0\u3002"}}, {"model": "xadmin.log", "pk": 32, "fields": {"action_time": "2018-01-19T01:42:55.867", "user": 1, "ip_addr": "127.0.0.1", "content_type": 20, "object_id": "8", "object_repr": "\u5c0f\u54c8", "action_flag": "change", "message": "\u5df2\u4fee\u6539 work_company \u3002"}}, {"model": "xadmin.log", "pk": 33, "fields": {"action_time": "2018-01-19T01:43:03.118", "user": 1, "ip_addr": "127.0.0.1", "content_type": 20, "object_id": "9", "object_repr": "\u5c0f\u54c8", "action_flag": "change", "message": "\u5df2\u4fee\u6539 work_company \u3002"}}, {"model": "xadmin.log", "pk": 34, "fields": {"action_time": "2018-01-19T01:43:09.791", "user": 1, "ip_addr": "127.0.0.1", "content_type": 20, "object_id": "5", "object_repr": "\u5c0f\u8428", "action_flag": "change", "message": "\u5df2\u4fee\u6539 work_company \u3002"}}, {"model": "xadmin.log", "pk": 35, "fields": {"action_time": "2018-01-19T01:44:04.508", "user": 1, "ip_addr": "127.0.0.1", "content_type": 6, "object_id": "1", "object_repr": "apolo", "action_flag": "change", "message": "\u5df2\u4fee\u6539 last_login\uff0cfirst_name\uff0clast_name\uff0cnick_name\uff0cgender\uff0caddress \u548c image \u3002"}}, {"model": "xadmin.log", "pk": 36, "fields": {"action_time": "2018-01-19T01:44:28.364", "user": 1, "ip_addr": "127.0.0.1", "content_type": 6, "object_id": "2", "object_repr": "apolo1", "action_flag": "change", "message": "\u5df2\u4fee\u6539 nick_name\uff0cgender\uff0caddress \u548c image \u3002"}}, {"model": "xadmin.log", "pk": 37, "fields": {"action_time": "2018-01-19T01:44:55.396", "user": 1, "ip_addr": "127.0.0.1", "content_type": 6, "object_id": "3", "object_repr": "apolo2", "action_flag": "change", "message": "\u5df2\u4fee\u6539 nick_name\uff0cgender\uff0caddress \u548c image \u3002"}}, {"model": "xadmin.log", "pk": 38, "fields": {"action_time": "2018-01-19T01:45:11.105", "user": 1, "ip_addr": "127.0.0.1", "content_type": 6, "object_id": "1", "object_repr": "apolo", "action_flag": "change", "message": "\u5df2\u4fee\u6539 image \u3002"}}, {"model": "xadmin.log", "pk": 39, "fields": {"action_time": "2018-01-19T01:50:22.741", "user": 1, "ip_addr": "127.0.0.1", "content_type": 9, "object_id": "1", "object_repr": "python\u5165\u95e8", "action_flag": "create", "message": "\u5df2\u6dfb\u52a0\u3002"}}, {"model": "xadmin.log", "pk": 40, "fields": {"action_time": "2018-01-19T01:50:31.036", "user": 1, "ip_addr": "127.0.0.1", "content_type": 9, "object_id": "2", "object_repr": "python\u5165\u95e8", "action_flag": "create", "message": "\u5df2\u6dfb\u52a0\u3002"}}, {"model": "xadmin.log", "pk": 41, "fields": {"action_time": "2018-01-19T01:50:37.891", "user": 1, "ip_addr": "127.0.0.1", "content_type": 9, "object_id": "3", "object_repr": "python\u5165\u95e8", "action_flag": "create", "message": "\u5df2\u6dfb\u52a0\u3002"}}, {"model": "xadmin.log", "pk": 42, "fields": {"action_time": "2018-01-19T01:50:53.298", "user": 1, "ip_addr": "127.0.0.1", "content_type": 9, "object_id": "4", "object_repr": "python\u5165\u95e8", "action_flag": "create", "message": "\u5df2\u6dfb\u52a0\u3002"}}, {"model": "xadmin.log", "pk": 43, "fields": {"action_time": "2018-01-19T01:51:03.176", "user": 1, "ip_addr": "127.0.0.1", "content_type": 9, "object_id": "5", "object_repr": "python\u5165\u95e8", "action_flag": "create", "message": "\u5df2\u6dfb\u52a0\u3002"}}, {"model": "xadmin.log", "pk": 44, "fields": {"action_time": "2018-01-19T01:51:12.595", "user": 1, "ip_addr": "127.0.0.1", "content_type": 9, "object_id": "6", "object_repr": "python\u5165\u95e8", "action_flag": "create", "message": "\u5df2\u6dfb\u52a0\u3002"}}, {"model": "xadmin.log", "pk": 45, "fields": {"action_time": "2018-01-19T01:51:22.353", "user": 1, "ip_addr": "127.0.0.1", "content_type": 9, "object_id": "7", "object_repr": "python\u5165\u95e8", "action_flag": "create", "message": "\u5df2\u6dfb\u52a0\u3002"}}, {"model": "xadmin.log", "pk": 46, "fields": {"action_time": "2018-01-19T01:51:35.420", "user": 1, "ip_addr": "127.0.0.1", "content_type": 9, "object_id": "8", "object_repr": "python\u5165\u95e8", "action_flag": "create", "message": "\u5df2\u6dfb\u52a0\u3002"}}, {"model": "xadmin.log", "pk": 47, "fields": {"action_time": "2018-01-19T01:51:45.941", "user": 1, "ip_addr": "127.0.0.1", "content_type": 9, "object_id": "9", "object_repr": "python\u5165\u95e8", "action_flag": "create", "message": "\u5df2\u6dfb\u52a0\u3002"}}, {"model": "xadmin.log", "pk": 48, "fields": {"action_time": "2018-01-19T01:52:17.538", "user": 1, "ip_addr": "127.0.0.1", "content_type": 9, "object_id": "10", "object_repr": "PHP\u5165\u95e8", "action_flag": "create", "message": "\u5df2\u6dfb\u52a0\u3002"}}, {"model": "xadmin.log", "pk": 49, "fields": {"action_time": "2018-01-19T01:52:47.253", "user": 1, "ip_addr": "127.0.0.1", "content_type": 9, "object_id": "4", "object_repr": "django\u5165\u95e8", "action_flag": "change", "message": "\u5df2\u4fee\u6539 name\uff0cdesc\uff0cdetail\uff0ctag \u548c category \u3002"}}, {"model": "xadmin.log", "pk": 50, "fields": {"action_time": "2018-01-19T01:53:18.824", "user": 1, "ip_addr": "127.0.0.1", "content_type": 9, "object_id": "5", "object_repr": "PHP\u5165\u95e8", "action_flag": "change", "message": "\u5df2\u4fee\u6539 name\uff0cdesc\uff0cdetail\uff0ctag \u548c category \u3002"}}, {"model": "xadmin.log", "pk": 51, "fields": {"action_time": "2018-01-19T01:53:38.445", "user": 1, "ip_addr": "127.0.0.1", "content_type": 9, "object_id": "6", "object_repr": "JavaScript\u5165\u95e8", "action_flag": "change", "message": "\u5df2\u4fee\u6539 name\uff0cdesc\uff0cdetail\uff0ctag \u548c category \u3002"}}, {"model": "xadmin.log", "pk": 52, "fields": {"action_time": "2018-01-19T01:54:03.100", "user": 1, "ip_addr": "127.0.0.1", "content_type": 9, "object_id": "8", "object_repr": "django\u5165\u95e8", "action_flag": "change", "message": "\u5df2\u4fee\u6539 name\uff0cdesc\uff0cdetail\uff0ctag \u548c category \u3002"}}, {"model": "xadmin.log", "pk": 53, "fields": {"action_time": "2018-01-19T01:54:17.692", "user": 1, "ip_addr": "127.0.0.1", "content_type": 9, "object_id": "9", "object_repr": "jQuery\u5165\u95e8", "action_flag": "change", "message": "\u5df2\u4fee\u6539 name\uff0cdesc\uff0cdetail\uff0ctag \u548c category \u3002"}}, {"model": "xadmin.log", "pk": 54, "fields": {"action_time": "2018-01-19T01:55:11.076", "user": 1, "ip_addr": "127.0.0.1", "content_type": 9, "object_id": "11", "object_repr": "Django \u5165\u95e8", "action_flag": "create", "message": "\u5df2\u6dfb\u52a0\u3002"}}, {"model": "xadmin.log", "pk": 55, "fields": {"action_time": "2018-01-19T01:55:31.232", "user": 1, "ip_addr": "127.0.0.1", "content_type": 9, "object_id": "12", "object_repr": "Django \u5165\u95e8", "action_flag": "create", "message": "\u5df2\u6dfb\u52a0\u3002"}}, {"model": "xadmin.log", "pk": 56, "fields": {"action_time": "2018-01-19T01:56:28.462", "user": 1, "ip_addr": "127.0.0.1", "content_type": 17, "object_id": "1", "object_repr": "apolo1 : Django \u5165\u95e8", "action_flag": "create", "message": "\u5df2\u6dfb\u52a0\u3002"}}, {"model": "xadmin.log", "pk": 57, "fields": {"action_time": "2018-01-19T01:56:39.388", "user": 1, "ip_addr": "127.0.0.1", "content_type": 17, "object_id": "2", "object_repr": "apolo1 : python\u5165\u95e8", "action_flag": "create", "message": "\u5df2\u6dfb\u52a0\u3002"}}, {"model": "xadmin.log", "pk": 58, "fields": {"action_time": "2018-01-19T01:57:30.426", "user": 1, "ip_addr": "127.0.0.1", "content_type": 17, "object_id": "3", "object_repr": "apolo : PHP\u5165\u95e8", "action_flag": "create", "message": "\u5df2\u6dfb\u52a0\u3002"}}, {"model": "xadmin.log", "pk": 59, "fields": {"action_time": "2018-01-19T01:57:36.063", "user": 1, "ip_addr": "127.0.0.1", "content_type": 17, "object_id": "4", "object_repr": "apolo : jQuery\u5165\u95e8", "action_flag": "create", "message": "\u5df2\u6dfb\u52a0\u3002"}}]