[
{
    "model": "sites.site",
    "pk": 1,
    "fields": {
        "domain": "example.com",
        "name": "example.com"
    }
},
{
    "model": "sessions.session",
    "pk": "jap13ob29f0ne3kxxy1tjv8hvkwchols",
    "fields": {
        "session_data": "MDE0MzAxNzFiNzNiYWMxMjUzZTlkOGY2N2FjY2RlNDZlOThhMTZlMjp7Il9hdXRoX3VzZXJfaWQiOiIxIiwiTElTVF9RVUVSWSI6W1siY291cnNlcyIsImxlc3NvbiJdLCJfcmVsX2NvdXJzZV9faWRfX2V4YWN0PTEiXSwiX2F1dGhfdXNlcl9oYXNoIjoiY2Q1M2Y5NDM4NmZjNmJjYjQzMjMyYTRmYjgxM2Y5ZTE2Nzc3Y2ExMiIsIl9hdXRoX3VzZXJfYmFja2VuZCI6InVzZXJzLnZpZXdzLkN1c3RvbUJhY2tlbmQifQ==",
        "expire_date": "2018-02-03T11:35:33.281"
    }
},
{
    "model": "users.userprofile",
    "fields": {
        "password": "pbkdf2_sha256$24000$kw1Dc3qk0pfO$0s2zcltO5yaGIHVfBK5sTAlxZowrMAKGYrTqIE+mEcg=",
        "last_login": "2018-01-19T01:32:00",
        "is_superuser": true,
        "username": "apolo",
        "first_name": "\u963f\u6ce2\u7f57",
        "last_name": "\u675c",
        "email": "dudueasy@126.com",
        "is_staff": true,
        "is_active": true,
        "date_joined": "2018-01-19T01:31:00",
        "nick_name": "apolodu",
        "birthday": null,
        "gender": "male",
        "address": "china",
        "mobile": "",
        "image": "image/2018/01/\u7ad9\u957f\u963f\u6ce2\u7f57_JdoB1Z1.jpeg",
        "groups": [],
        "user_permissions": []
    }
},
{
    "model": "users.userprofile",
    "fields": {
        "password": "pbkdf2_sha256$24000$Zj3xrIMeETtK$EGX2F+wWqLJDyaPYzlPi/Fhr5CUEW8KKZkHZ+AP9HAI=",
        "last_login": null,
        "is_superuser": false,
        "username": "apolo1",
        "first_name": "",
        "last_name": "",
        "email": "",
        "is_staff": false,
        "is_active": true,
        "date_joined": "2018-01-19T01:32:00",
        "nick_name": "dudu",
        "birthday": null,
        "gender": "male",
        "address": "china",
        "mobile": "",
        "image": "image/2018/01/\u9ad8\u8fbe2_amsjfTa.jpeg",
        "groups": [],
        "user_permissions": []
    }
},
{
    "model": "users.userprofile",
    "fields": {
        "password": "pbkdf2_sha256$24000$ivVLDMcP3h4a$eaTETsf6sD8qR+Myf/ks6eg0d0d3/jUQs4XX29PvS4M=",
        "last_login": null,
        "is_superuser": false,
        "username": "apolo2",
        "first_name": "",
        "last_name": "",
        "email": "",
        "is_staff": false,
        "is_active": true,
        "date_joined": "2018-01-19T01:33:00",
        "nick_name": "du",
        "birthday": null,
        "gender": "male",
        "address": "china",
        "mobile": "",
        "image": "image/2018/01/\u9ad8\u8fbe_6QmD6w7.jpeg",
        "groups": [],
        "user_permissions": []
    }
},
{
    "model": "courses.course",
    "pk": 1,
    "fields": {
        "course_org": 1,
        "name": "python\u5165\u95e8",
        "desc": "python\u5165\u95e8",
        "detail": "python\u5165\u95e8",
        "degree": "cj",
        "learn_times": 60,
        "students": 100,
        "fav_nums": 20,
        "image": "courses/2018/01/\u4e0b\u8f7d_zHJZKzn.png",
        "click_nums": 16,
        "add_time": "2018-01-19T01:45:00",
        "tag": "python",
        "category": "python developing"
    }
},
{
    "model": "courses.course",
    "pk": 2,
    "fields": {
        "course_org": 2,
        "name": "python\u8fdb\u9636",
        "desc": "python\u8fdb\u9636",
        "detail": "python\u8fdb\u9636",
        "degree": "cj",
        "learn_times": 60,
        "students": 100,
        "fav_nums": 20,
        "image": "courses/2018/01/\u4e0b\u8f7d_nbhsQg3.png",
        "click_nums": 1,
        "add_time": "2018-01-19T01:50:00",
        "tag": "python",
        "category": "python developing"
    }
},
{
    "model": "courses.course",
    "pk": 3,
    "fields": {
        "course_org": 3,
        "name": "python\u9ad8\u7ea7",
        "desc": "python\u9ad8\u7ea7",
        "detail": "python\u9ad8\u7ea7",
        "degree": "cj",
        "learn_times": 60,
        "students": 100,
        "fav_nums": 0,
        "image": "courses/2018/01/\u4e0b\u8f7d_TLZvyhs.png",
        "click_nums": 0,
        "add_time": "2018-01-19T01:50:00",
        "tag": "python",
        "category": "python developing"
    }
},
{
    "model": "courses.course",
    "pk": 4,
    "fields": {
        "course_org": 4,
        "name": "django\u5165\u95e8",
        "desc": "django\u5165\u95e8",
        "detail": "django\u5165\u95e8",
        "degree": "cj",
        "learn_times": 60,
        "students": 100,
        "fav_nums": 0,
        "image": "courses/2018/01/\u4e0b\u8f7d_1.png",
        "click_nums": 7,
        "add_time": "2018-01-19T01:50:00",
        "tag": "django",
        "category": "django developing"
    }
},
{
    "model": "courses.course",
    "pk": 5,
    "fields": {
        "course_org": 5,
        "name": "PHP\u5165\u95e8",
        "desc": "PHP\u5165\u95e8",
        "detail": "PHP\u5165\u95e8",
        "degree": "cj",
        "learn_times": 60,
        "students": 100,
        "fav_nums": 0,
        "image": "courses/2018/01/php2.png",
        "click_nums": 1,
        "add_time": "2018-01-19T01:50:00",
        "tag": "PHP",
        "category": "PHP developing"
    }
},
{
    "model": "courses.course",
    "pk": 6,
    "fields": {
        "course_org": 6,
        "name": "JavaScript\u5165\u95e8",
        "desc": "JavaScript\u5165\u95e8",
        "detail": "JavaScript\u5165\u95e8",
        "degree": "cj",
        "learn_times": 60,
        "students": 100,
        "fav_nums": 0,
        "image": "courses/2018/01/\u4e0b\u8f7d_4.png",
        "click_nums": 0,
        "add_time": "2018-01-19T01:51:00",
        "tag": "JavaScript",
        "category": "JavaScript developing"
    }
},
{
    "model": "courses.course",
    "pk": 7,
    "fields": {
        "course_org": 7,
        "name": "python\u5b9e\u8df5",
        "desc": "python\u5b9e\u8df5",
        "detail": "python\u5b9e\u8df5",
        "degree": "cj",
        "learn_times": 60,
        "students": 100,
        "fav_nums": 0,
        "image": "courses/2018/01/\u4e0b\u8f7d_6LAYpWE.png",
        "click_nums": 1,
        "add_time": "2018-01-19T01:51:00",
        "tag": "python",
        "category": "python developing"
    }
},
{
    "model": "courses.course",
    "pk": 8,
    "fields": {
        "course_org": 8,
        "name": "django\u8fdb\u9636",
        "desc": "django\u8fdb\u9636",
        "detail": "django\u8fdb\u9636",
        "degree": "cj",
        "learn_times": 60,
        "students": 100,
        "fav_nums": 0,
        "image": "courses/2018/01/django_es_facil.jpeg",
        "click_nums": 3,
        "add_time": "2018-01-19T01:51:00",
        "tag": "django",
        "category": "django developing"
    }
},
{
    "model": "courses.course",
    "pk": 9,
    "fields": {
        "course_org": 9,
        "name": "jQuery\u5165\u95e8",
        "desc": "jQuery\u5165\u95e8",
        "detail": "jQuery\u5165\u95e8",
        "degree": "cj",
        "learn_times": 60,
        "students": 100,
        "fav_nums": 0,
        "image": "courses/2018/01/\u4e0b\u8f7d_3.png",
        "click_nums": 0,
        "add_time": "2018-01-19T01:51:00",
        "tag": "JavaScript",
        "category": "jQuery developing"
    }
},
{
    "model": "courses.course",
    "pk": 10,
    "fields": {
        "course_org": 10,
        "name": "PHP\u8fdb\u9636",
        "desc": "PHP\u8fdb\u9636",
        "detail": "PHP\u8fdb\u9636",
        "degree": "cj",
        "learn_times": 60,
        "students": 100,
        "fav_nums": 0,
        "image": "courses/2018/01/php.png",
        "click_nums": 0,
        "add_time": "2018-01-19T01:51:00",
        "tag": "PHP",
        "category": "PHP developing"
    }
},
{
    "model": "courses.course",
    "pk": 11,
    "fields": {
        "course_org": 11,
        "name": "Django\u9ad8\u7ea7",
        "desc": "Django\u9ad8\u7ea7",
        "detail": "Django\u9ad8\u7ea7",
        "degree": "zj",
        "learn_times": 30,
        "students": 20,
        "fav_nums": 0,
        "image": "courses/2018/01/django.jpeg",
        "click_nums": 4,
        "add_time": "2018-01-19T01:54:00",
        "tag": "django",
        "category": "Django developing"
    }
},
{
    "model": "courses.course",
    "pk": 12,
    "fields": {
        "course_org": 12,
        "name": "Django\u5b9e\u8df5",
        "desc": "Django\u5b9e\u8df5",
        "detail": "Django\u5b9e\u8df5",
        "degree": "zj",
        "learn_times": 30,
        "students": 20,
        "fav_nums": 0,
        "image": "courses/2018/01/django_NHWvTh2.jpeg",
        "click_nums": 20,
        "add_time": "2018-01-19T01:55:00",
        "tag": "django",
        "category": "Django developing"
    }
},
{
    "model": "courses.lesson",
    "pk": 1,
    "fields": {
        "course": 1,
        "name": "\u7b2c\u4e00\u7ae0 \u57fa\u7840\u77e5\u8bc6",
        "add_time": "2018-01-20T11:31:00"
    }
},
{
    "model": "courses.lesson",
    "pk": 2,
    "fields": {
        "course": 2,
        "name": "\u7b2c\u4e00\u7ae0 \u57fa\u7840\u77e5\u8bc6",
        "add_time": "2018-01-20T11:31:00"
    }
},
{
    "model": "courses.lesson",
    "pk": 3,
    "fields": {
        "course": 3,
        "name": "\u7b2c\u4e00\u7ae0 \u57fa\u7840\u77e5\u8bc6",
        "add_time": "2018-01-20T11:31:00"
    }
},
{
    "model": "courses.lesson",
    "pk": 4,
    "fields": {
        "course": 4,
        "name": "\u7b2c\u4e00\u7ae0 \u57fa\u7840\u77e5\u8bc6",
        "add_time": "2018-01-20T11:31:00"
    }
},
{
    "model": "courses.lesson",
    "pk": 5,
    "fields": {
        "course": 5,
        "name": "\u7b2c\u4e00\u7ae0 \u57fa\u7840\u77e5\u8bc6",
        "add_time": "2018-01-20T11:31:00"
    }
},
{
    "model": "courses.lesson",
    "pk": 16,
    "fields": {
        "course": 6,
        "name": "\u7b2c\u4e00\u7ae0 \u57fa\u7840\u77e5\u8bc6",
        "add_time": "2018-01-20T11:31:00"
    }
},
{
    "model": "courses.lesson",
    "pk": 17,
    "fields": {
        "course": 7,
        "name": "\u7b2c\u4e00\u7ae0 \u57fa\u7840\u77e5\u8bc6",
        "add_time": "2018-01-20T11:31:00"
    }
},
{
    "model": "courses.lesson",
    "pk": 18,
    "fields": {
        "course": 8,
        "name": "\u7b2c\u4e00\u7ae0 \u57fa\u7840\u77e5\u8bc6",
        "add_time": "2018-01-20T11:31:00"
    }
},
{
    "model": "courses.lesson",
    "pk": 19,
    "fields": {
        "course": 9,
        "name": "\u7b2c\u4e00\u7ae0 \u57fa\u7840\u77e5\u8bc6",
        "add_time": "2018-01-20T11:31:00"
    }
},
{
    "model": "courses.lesson",
    "pk": 20,
    "fields": {
        "course": 10,
        "name": "\u7b2c\u4e00\u7ae0 \u57fa\u7840\u77e5\u8bc6",
        "add_time": "2018-01-20T11:31:00"
    }
},
{
    "model": "courses.lesson",
    "pk": 21,
    "fields": {
        "course": 11,
        "name": "\u7b2c\u4e00\u7ae0 \u57fa\u7840\u77e5\u8bc6",
        "add_time": "2018-01-20T11:31:00"
    }
},
{
    "model": "courses.lesson",
    "pk": 22,
    "fields": {
        "course": 12,
        "name": "\u7b2c\u4e00\u7ae0 \u57fa\u7840\u77e5\u8bc6",
        "add_time": "2018-01-20T11:31:00"
    }
},
{
    "model": "courses.lesson",
    "pk": 26,
    "fields": {
        "course": 1,
        "name": "\u7b2c\u4e8c\u7ae0 \u8fdb\u9636\u5f00\u53d1",
        "add_time": "2018-01-20T11:35:00"
    }
},
{
    "model": "operation.userfavorite",
    "pk": 17,
    "fields": {
        "user": [
            "apolo"
        ],
        "fav_id": 12,
        "fav_type": "1",
        "add_time": "2018-01-19T12:23:04.080"
    }
},
{
    "model": "operation.userfavorite",
    "pk": 19,
    "fields": {
        "user": [
            "apolo"
        ],
        "fav_id": 12,
        "fav_type": "2",
        "add_time": "2018-01-19T12:23:06.599"
    }
},
{
    "model": "operation.userfavorite",
    "pk": 23,
    "fields": {
        "user": [
            "apolo"
        ],
        "fav_id": 11,
        "fav_type": "2",
        "add_time": "2018-01-19T12:36:11.910"
    }
},
{
    "model": "operation.userfavorite",
    "pk": 24,
    "fields": {
        "user": [
            "apolo"
        ],
        "fav_id": 11,
        "fav_type": "1",
        "add_time": "2018-01-19T12:36:13.218"
    }
},
{
    "model": "operation.usercourse",
    "pk": 1,
    "fields": {
        "user": [
            "apolo1"
        ],
        "course": 11,
        "add_time": "2018-01-19T01:56:00"
    }
},
{
    "model": "operation.usercourse",
    "pk": 2,
    "fields": {
        "user": [
            "apolo1"
        ],
        "course": 1,
        "add_time": "2018-01-19T01:56:00"
    }
},
{
    "model": "operation.usercourse",
    "pk": 3,
    "fields": {
        "user": [
            "apolo"
        ],
        "course": 5,
        "add_time": "2018-01-19T01:57:00"
    }
},
{
    "model": "operation.usercourse",
    "pk": 4,
    "fields": {
        "user": [
            "apolo"
        ],
        "course": 9,
        "add_time": "2018-01-19T01:57:00"
    }
},
{
    "model": "organization.citydict",
    "pk": 1,
    "fields": {
        "name": "\u5317\u4eac\u5e02",
        "desc": "\u5317\u4eac\u5e02",
        "add_time": "2018-01-19T01:33:00"
    }
},
{
    "model": "organization.citydict",
    "pk": 2,
    "fields": {
        "name": "\u5929\u6d25\u5e02",
        "desc": "\u5929\u6d25\u5e02",
        "add_time": "2018-01-19T01:33:00"
    }
},
{
    "model": "organization.citydict",
    "pk": 3,
    "fields": {
        "name": "\u4e0a\u6d77\u5e02",
        "desc": "\u4e0a\u6d77\u5e02",
        "add_time": "2018-01-19T01:33:00"
    }
},
{
    "model": "organization.citydict",
    "pk": 4,
    "fields": {
        "name": "\u6df1\u5733\u5e02",
        "desc": "\u6df1\u5733\u5e02",
        "add_time": "2018-01-19T01:34:00"
    }
},
{
    "model": "organization.courseorg",
    "pk": 1,
    "fields": {
        "name": "\u5c0f\u5b66\u50e7\u5728\u7ebf",
        "desc": "\u5c0f\u5b66\u50e7\u5728\u7ebf",
        "click_num": 10,
        "fav_num": 10,
        "image": "org/2018/01/\u5c0f\u5b66\u50e7\u5728\u7ebf\u7f51.png",
        "address": "\u5317\u4eac\u5e02",
        "add_time": "2018-01-19T01:34:00",
        "city": 1,
        "category": "public",
        "students": 1,
        "course_nums": 1
    }
},
{
    "model": "organization.courseorg",
    "pk": 2,
    "fields": {
        "name": "\u5c0f\u5b66\u50e7\u5728\u7ebf2\u73ed",
        "desc": "\u5c0f\u5b66\u50e7\u5728\u7ebf2\u73ed",
        "click_num": 10,
        "fav_num": 10,
        "image": "org/2018/01/\u5c0f\u5b66\u50e7\u5728\u7ebf\u7f51_HdNpiSE.png",
        "address": "\u5317\u4eac\u5e02",
        "add_time": "2018-01-19T01:35:00",
        "city": 1,
        "category": "public",
        "students": 1,
        "course_nums": 1
    }
},
{
    "model": "organization.courseorg",
    "pk": 3,
    "fields": {
        "name": "\u5c0f\u5b66\u50e7\u5728\u7ebf3\u73ed",
        "desc": "\u5c0f\u5b66\u50e7\u5728\u7ebf3\u73ed",
        "click_num": 10,
        "fav_num": 10,
        "image": "org/2018/01/\u5c0f\u5b66\u50e7\u5728\u7ebf\u7f51_PRPXo67.png",
        "address": "\u5317\u4eac\u5e02",
        "add_time": "2018-01-19T01:35:00",
        "city": 1,
        "category": "public",
        "students": 1,
        "course_nums": 1
    }
},
{
    "model": "organization.courseorg",
    "pk": 4,
    "fields": {
        "name": "\u5b66\u524d\u73ed\u5728\u7ebf\u7f51",
        "desc": "\u5b66\u524d\u73ed\u5728\u7ebf\u7f51",
        "click_num": 10,
        "fav_num": 10,
        "image": "org/2018/01/\u5b66\u524d\u73ed\u5728\u7ebf\u7f51_cSl8gwI.png",
        "address": "\u4e0a\u6d77\u5e02",
        "add_time": "2018-01-19T01:35:00",
        "city": 3,
        "category": "public",
        "students": 1,
        "course_nums": 1
    }
},
{
    "model": "organization.courseorg",
    "pk": 5,
    "fields": {
        "name": "\u5b66\u524d\u73ed\u5728\u7ebf\u7f512\u73ed",
        "desc": "\u5b66\u524d\u73ed\u5728\u7ebf\u7f512\u73ed",
        "click_num": 10,
        "fav_num": 10,
        "image": "org/2018/01/\u5b66\u524d\u73ed\u5728\u7ebf\u7f51_GpvxVir.png",
        "address": "\u4e0a\u6d77\u5e02",
        "add_time": "2018-01-19T01:36:00",
        "city": 3,
        "category": "public",
        "students": 1,
        "course_nums": 1
    }
},
{
    "model": "organization.courseorg",
    "pk": 6,
    "fields": {
        "name": "\u5b66\u524d\u73ed\u5728\u7ebf\u7f513\u73ed",
        "desc": "\u5b66\u524d\u73ed\u5728\u7ebf\u7f513\u73ed",
        "click_num": 10,
        "fav_num": 10,
        "image": "org/2018/01/\u5b66\u524d\u73ed\u5728\u7ebf\u7f51_JpJ1kDw.png",
        "address": "\u4e0a\u6d77\u5e02",
        "add_time": "2018-01-19T01:36:00",
        "city": 3,
        "category": "public",
        "students": 1,
        "course_nums": 1
    }
},
{
    "model": "organization.courseorg",
    "pk": 7,
    "fields": {
        "name": "\u6258\u513f\u6240\u5728\u7ebf\u7f51",
        "desc": "\u6258\u513f\u6240\u5728\u7ebf\u7f51",
        "click_num": 10,
        "fav_num": 10,
        "image": "org/2018/01/\u6258\u513f\u6240\u5728\u7ebf\u7f51_tXh1GV3.png",
        "address": "\u5929\u6d25\u5e02",
        "add_time": "2018-01-19T01:36:00",
        "city": 2,
        "category": "public",
        "students": 1,
        "course_nums": 1
    }
},
{
    "model": "organization.courseorg",
    "pk": 8,
    "fields": {
        "name": "\u6258\u513f\u6240\u5728\u7ebf\u7f512\u73ed",
        "desc": "\u6258\u513f\u6240\u5728\u7ebf\u7f512\u73ed",
        "click_num": 10,
        "fav_num": 10,
        "image": "org/2018/01/\u6258\u513f\u6240\u5728\u7ebf\u7f51.png",
        "address": "\u5929\u6d25\u5e02",
        "add_time": "2018-01-19T01:37:00",
        "city": 2,
        "category": "public",
        "students": 1,
        "course_nums": 1
    }
},
{
    "model": "organization.courseorg",
    "pk": 9,
    "fields": {
        "name": "\u6258\u513f\u6240\u5728\u7ebf\u7f513\u73ed",
        "desc": "\u6258\u513f\u6240\u5728\u7ebf\u7f513\u73ed",
        "click_num": 10,
        "fav_num": 10,
        "image": "org/2018/01/\u6258\u513f\u6240\u5728\u7ebf\u7f51_YLAqSMP.png",
        "address": "\u5929\u6d25\u5e02",
        "add_time": "2018-01-19T01:37:00",
        "city": 2,
        "category": "public",
        "students": 1,
        "course_nums": 1
    }
},
{
    "model": "organization.courseorg",
    "pk": 10,
    "fields": {
        "name": "\u5e7c\u513f\u56ed\u5728\u7ebf",
        "desc": "\u5e7c\u513f\u56ed\u5728\u7ebf",
        "click_num": 10,
        "fav_num": 10,
        "image": "org/2018/01/\u5e7c\u513f\u56ed\u5728\u7ebf\u7f51_xgKNe48.png",
        "address": "\u6df1\u5733\u5e02",
        "add_time": "2018-01-19T01:38:00",
        "city": 4,
        "category": "public",
        "students": 10,
        "course_nums": 0
    }
},
{
    "model": "organization.courseorg",
    "pk": 11,
    "fields": {
        "name": "\u5e7c\u513f\u56ed\u5728\u7ebf2\u73ed",
        "desc": "\u5e7c\u513f\u56ed\u5728\u7ebf2\u73ed",
        "click_num": 10,
        "fav_num": 10,
        "image": "org/2018/01/\u5e7c\u513f\u56ed\u5728\u7ebf\u7f51_muMtICz.png",
        "address": "\u6df1\u5733\u5e02",
        "add_time": "2018-01-19T01:38:00",
        "city": 4,
        "category": "public",
        "students": 10,
        "course_nums": 0
    }
},
{
    "model": "organization.courseorg",
    "pk": 12,
    "fields": {
        "name": "\u5e7c\u513f\u56ed\u5728\u7ebf3\u73ed",
        "desc": "\u5e7c\u513f\u56ed\u5728\u7ebf3\u73ed",
        "click_num": 10,
        "fav_num": 10,
        "image": "org/2018/01/\u5e7c\u513f\u56ed\u5728\u7ebf\u7f51_W3mGnbk.png",
        "address": "\u6df1\u5733\u5e02",
        "add_time": "2018-01-19T01:39:00",
        "city": 4,
        "category": "private",
        "students": 10,
        "course_nums": 0
    }
},
{
    "model": "organization.teacher",
    "pk": 1,
    "fields": {
        "org": 1,
        "name": "apolo",
        "work_years": 10,
        "work_company": "\u5c0f\u5b66\u50e7\u5728\u7ebf",
        "position": "\u6559\u5e08",
        "points": "\u6d3b\u6cfc\u70ed\u60c5",
        "click_num": 100,
        "fav_num": 10,
        "image": "org/teacher/2018/01/\u7ad9\u957f\u963f\u6ce2\u7f57_k9NgcaS.jpeg",
        "add_time": "2018-01-19T01:39:00"
    }
},
{
    "model": "organization.teacher",
    "pk": 2,
    "fields": {
        "org": 2,
        "name": "\u5c0f\u91d1",
        "work_years": 10,
        "work_company": "\u5c0f\u5b66\u50e7\u5728\u7ebf2\u73ed",
        "position": "\u6559\u5e08",
        "points": "\u6d3b\u6cfc\u70ed\u60c5",
        "click_num": 100,
        "fav_num": 10,
        "image": "org/teacher/2018/01/\u5c0f\u91d1_mw8eAl9.png",
        "add_time": "2018-01-19T01:39:00"
    }
},
{
    "model": "organization.teacher",
    "pk": 3,
    "fields": {
        "org": 3,
        "name": "\u5c0f\u91d1",
        "work_years": 10,
        "work_company": "\u5c0f\u5b66\u50e7\u5728\u7ebf3\u73ed",
        "position": "\u6559\u5e08",
        "points": "\u6d3b\u6cfc\u70ed\u60c5",
        "click_num": 100,
        "fav_num": 10,
        "image": "org/teacher/2018/01/\u5c0f\u91d1_Bk1pqoL.png",
        "add_time": "2018-01-19T01:40:00"
    }
},
{
    "model": "organization.teacher",
    "pk": 4,
    "fields": {
        "org": 4,
        "name": "\u5c0f\u8428",
        "work_years": 10,
        "work_company": "\u5b66\u524d\u73ed\u5728\u7ebf",
        "position": "\u6559\u5e08",
        "points": "\u6d3b\u6cfc\u70ed\u60c5",
        "click_num": 100,
        "fav_num": 10,
        "image": "org/teacher/2018/01/\u5c0f\u8428\u6469_PTWxpMr.jpg",
        "add_time": "2018-01-19T01:40:00"
    }
},
{
    "model": "organization.teacher",
    "pk": 5,
    "fields": {
        "org": 5,
        "name": "\u5c0f\u8428",
        "work_years": 10,
        "work_company": "\u5b66\u524d\u73ed\u5728\u7ebf2\u73ed",
        "position": "\u6559\u5e08",
        "points": "\u6d3b\u6cfc\u70ed\u60c5",
        "click_num": 100,
        "fav_num": 10,
        "image": "org/teacher/2018/01/\u5c0f\u8428\u6469_PYJaRwx.jpg",
        "add_time": "2018-01-19T01:41:00"
    }
},
{
    "model": "organization.teacher",
    "pk": 6,
    "fields": {
        "org": 6,
        "name": "\u5c0f\u8428",
        "work_years": 10,
        "work_company": "\u5b66\u524d\u73ed\u5728\u7ebf3\u73ed",
        "position": "\u6559\u5e08",
        "points": "\u6d3b\u6cfc\u70ed\u60c5",
        "click_num": 100,
        "fav_num": 10,
        "image": "org/teacher/2018/01/\u5c0f\u8428\u6469_q7zrWCb.jpg",
        "add_time": "2018-01-19T01:41:00"
    }
},
{
    "model": "organization.teacher",
    "pk": 7,
    "fields": {
        "org": 7,
        "name": "\u5c0f\u54c8",
        "work_years": 10,
        "work_company": "\u6258\u513f\u6240\u5728\u7ebf\u7f51",
        "position": "\u6559\u5e08",
        "points": "\u6d3b\u6cfc\u70ed\u60c5",
        "click_num": 100,
        "fav_num": 10,
        "image": "org/teacher/2018/01/\u5c0f\u54c8.png",
        "add_time": "2018-01-19T01:41:00"
    }
},
{
    "model": "organization.teacher",
    "pk": 8,
    "fields": {
        "org": 8,
        "name": "\u5c0f\u54c8",
        "work_years": 10,
        "work_company": "\u6258\u513f\u6240\u5728\u7ebf\u7f512\u73ed",
        "position": "\u6559\u5e08",
        "points": "\u6d3b\u6cfc\u70ed\u60c5",
        "click_num": 100,
        "fav_num": 10,
        "image": "org/teacher/2018/01/\u5c0f\u54c8_wCn8gH9.png",
        "add_time": "2018-01-19T01:41:00"
    }
},
{
    "model": "organization.teacher",
    "pk": 9,
    "fields": {
        "org": 9,
        "name": "\u5c0f\u54c8",
        "work_years": 10,
        "work_company": "\u6258\u513f\u6240\u5728\u7ebf\u7f513\u73ed",
        "position": "\u6559\u5e08",
        "points": "\u6d3b\u6cfc\u70ed\u60c5",
        "click_num": 100,
        "fav_num": 10,
        "image": "org/teacher/2018/01/\u5c0f\u54c8_PykI9IS.png",
        "add_time": "2018-01-19T01:41:00"
    }
},
{
    "model": "organization.teacher",
    "pk": 10,
    "fields": {
        "org": 10,
        "name": "\u5c0f\u54c8",
        "work_years": 10,
        "work_company": "\u5e7c\u513f\u56ed\u5728\u7ebf\u7f51",
        "position": "\u6559\u5e08",
        "points": "\u6d3b\u6cfc\u70ed\u60c5",
        "click_num": 100,
        "fav_num": 10,
        "image": "org/teacher/2018/01/\u5c0f\u91d1_PX4p3Nr.png",
        "add_time": "2018-01-19T01:41:00"
    }
},
{
    "model": "organization.teacher",
    "pk": 11,
    "fields": {
        "org": 11,
        "name": "\u5c0f\u54c8",
        "work_years": 10,
        "work_company": "\u5e7c\u513f\u56ed\u5728\u7ebf\u7f512\u73ed",
        "position": "\u6559\u5e08",
        "points": "\u6d3b\u6cfc\u70ed\u60c5",
        "click_num": 100,
        "fav_num": 10,
        "image": "org/teacher/2018/01/\u5c0f\u91d1_KjBXRZS.png",
        "add_time": "2018-01-19T01:42:00"
    }
},
{
    "model": "organization.teacher",
    "pk": 12,
    "fields": {
        "org": 12,
        "name": "\u5c0f\u54c8",
        "work_years": 10,
        "work_company": "\u5e7c\u513f\u56ed\u5728\u7ebf\u7f513\u73ed",
        "position": "\u6559\u5e08",
        "points": "\u6d3b\u6cfc\u70ed\u60c5",
        "click_num": 100,
        "fav_num": 10,
        "image": "org/teacher/2018/01/\u5c0f\u91d1_UNcVd8S.png",
        "add_time": "2018-01-19T01:42:00"
    }
},
{
    "model": "xadmin.usersettings",
    "pk": 1,
    "fields": {
        "user": [
            "apolo"
        ],
        "key": "dashboard:home:pos",
        "value": ""
    }
},
{
    "model": "xadmin.log",
    "pk": 1,
    "fields": {
        "action_time": "2018-01-19T01:32:51.230",
        "user": [
            "apolo"
        ],
        "ip_addr": "127.0.0.1",
        "content_type": [
            "users",
            "userprofile"
        ],
        "object_id": "2",
        "object_repr": "apolo1",
        "action_flag": "create",
        "message": "\u5df2\u6dfb\u52a0\u3002"
    }
},
{
    "model": "xadmin.log",
    "pk": 2,
    "fields": {
        "action_time": "2018-01-19T01:33:13.338",
        "user": [
            "apolo"
        ],
        "ip_addr": "127.0.0.1",
        "content_type": [
            "users",
            "userprofile"
        ],
        "object_id": "3",
        "object_repr": "apolo2",
        "action_flag": "create",
        "message": "\u5df2\u6dfb\u52a0\u3002"
    }
},
{
    "model": "xadmin.log",
    "pk": 3,
    "fields": {
        "action_time": "2018-01-19T01:33:42.296",
        "user": [
            "apolo"
        ],
        "ip_addr": "127.0.0.1",
        "content_type": [
            "organization",
            "citydict"
        ],
        "object_id": "1",
        "object_repr": "\u5317\u4eac\u5e02",
        "action_flag": "create",
        "message": "\u5df2\u6dfb\u52a0\u3002"
    }
},
{
    "model": "xadmin.log",
    "pk": 4,
    "fields": {
        "action_time": "2018-01-19T01:33:54.646",
        "user": [
            "apolo"
        ],
        "ip_addr": "127.0.0.1",
        "content_type": [
            "organization",
            "citydict"
        ],
        "object_id": "2",
        "object_repr": "\u5929\u6d25\u5e02",
        "action_flag": "create",
        "message": "\u5df2\u6dfb\u52a0\u3002"
    }
},
{
    "model": "xadmin.log",
    "pk": 5,
    "fields": {
        "action_time": "2018-01-19T01:34:02.117",
        "user": [
            "apolo"
        ],
        "ip_addr": "127.0.0.1",
        "content_type": [
            "organization",
            "citydict"
        ],
        "object_id": "3",
        "object_repr": "\u4e0a\u6d77\u5e02",
        "action_flag": "create",
        "message": "\u5df2\u6dfb\u52a0\u3002"
    }
},
{
    "model": "xadmin.log",
    "pk": 6,
    "fields": {
        "action_time": "2018-01-19T01:34:16.106",
        "user": [
            "apolo"
        ],
        "ip_addr": "127.0.0.1",
        "content_type": [
            "organization",
            "citydict"
        ],
        "object_id": "4",
        "object_repr": "\u6df1\u5733\u5e02",
        "action_flag": "create",
        "message": "\u5df2\u6dfb\u52a0\u3002"
    }
},
{
    "model": "xadmin.log",
    "pk": 7,
    "fields": {
        "action_time": "2018-01-19T01:35:15.146",
        "user": [
            "apolo"
        ],
        "ip_addr": "127.0.0.1",
        "content_type": [
            "organization",
            "courseorg"
        ],
        "object_id": "1",
        "object_repr": "\u5c0f\u5b66\u50e7\u5728\u7ebf",
        "action_flag": "create",
        "message": "\u5df2\u6dfb\u52a0\u3002"
    }
},
{
    "model": "xadmin.log",
    "pk": 8,
    "fields": {
        "action_time": "2018-01-19T01:35:34.670",
        "user": [
            "apolo"
        ],
        "ip_addr": "127.0.0.1",
        "content_type": [
            "organization",
            "courseorg"
        ],
        "object_id": "2",
        "object_repr": "\u5c0f\u5b66\u50e7\u5728\u7ebf2\u73ed",
        "action_flag": "create",
        "message": "\u5df2\u6dfb\u52a0\u3002"
    }
},
{
    "model": "xadmin.log",
    "pk": 9,
    "fields": {
        "action_time": "2018-01-19T01:35:43.956",
        "user": [
            "apolo"
        ],
        "ip_addr": "127.0.0.1",
        "content_type": [
            "organization",
            "courseorg"
        ],
        "object_id": "3",
        "object_repr": "\u5c0f\u5b66\u50e7\u5728\u7ebf3\u73ed",
        "action_flag": "create",
        "message": "\u5df2\u6dfb\u52a0\u3002"
    }
},
{
    "model": "xadmin.log",
    "pk": 10,
    "fields": {
        "action_time": "2018-01-19T01:36:22.448",
        "user": [
            "apolo"
        ],
        "ip_addr": "127.0.0.1",
        "content_type": [
            "organization",
            "courseorg"
        ],
        "object_id": "4",
        "object_repr": "\u5b66\u524d\u73ed\u5728\u7ebf\u7f51",
        "action_flag": "create",
        "message": "\u5df2\u6dfb\u52a0\u3002"
    }
},
{
    "model": "xadmin.log",
    "pk": 11,
    "fields": {
        "action_time": "2018-01-19T01:36:35.233",
        "user": [
            "apolo"
        ],
        "ip_addr": "127.0.0.1",
        "content_type": [
            "organization",
            "courseorg"
        ],
        "object_id": "5",
        "object_repr": "\u5b66\u524d\u73ed\u5728\u7ebf\u7f512\u73ed",
        "action_flag": "create",
        "message": "\u5df2\u6dfb\u52a0\u3002"
    }
},
{
    "model": "xadmin.log",
    "pk": 12,
    "fields": {
        "action_time": "2018-01-19T01:36:46.947",
        "user": [
            "apolo"
        ],
        "ip_addr": "127.0.0.1",
        "content_type": [
            "organization",
            "courseorg"
        ],
        "object_id": "6",
        "object_repr": "\u5b66\u524d\u73ed\u5728\u7ebf\u7f513\u73ed",
        "action_flag": "create",
        "message": "\u5df2\u6dfb\u52a0\u3002"
    }
},
{
    "model": "xadmin.log",
    "pk": 13,
    "fields": {
        "action_time": "2018-01-19T01:37:10.253",
        "user": [
            "apolo"
        ],
        "ip_addr": "127.0.0.1",
        "content_type": [
            "organization",
            "courseorg"
        ],
        "object_id": "7",
        "object_repr": "\u6258\u513f\u6240\u5728\u7ebf\u7f51",
        "action_flag": "create",
        "message": "\u5df2\u6dfb\u52a0\u3002"
    }
},
{
    "model": "xadmin.log",
    "pk": 14,
    "fields": {
        "action_time": "2018-01-19T01:37:42.060",
        "user": [
            "apolo"
        ],
        "ip_addr": "127.0.0.1",
        "content_type": [
            "organization",
            "courseorg"
        ],
        "object_id": "8",
        "object_repr": "\u6258\u513f\u6240\u5728\u7ebf\u7f512\u73ed",
        "action_flag": "create",
        "message": "\u5df2\u6dfb\u52a0\u3002"
    }
},
{
    "model": "xadmin.log",
    "pk": 15,
    "fields": {
        "action_time": "2018-01-19T01:37:55.386",
        "user": [
            "apolo"
        ],
        "ip_addr": "127.0.0.1",
        "content_type": [
            "organization",
            "courseorg"
        ],
        "object_id": "9",
        "object_repr": "\u6258\u513f\u6240\u5728\u7ebf\u7f513\u73ed",
        "action_flag": "create",
        "message": "\u5df2\u6dfb\u52a0\u3002"
    }
},
{
    "model": "xadmin.log",
    "pk": 16,
    "fields": {
        "action_time": "2018-01-19T01:38:11.091",
        "user": [
            "apolo"
        ],
        "ip_addr": "127.0.0.1",
        "content_type": [
            "organization",
            "courseorg"
        ],
        "object_id": "7",
        "object_repr": "\u6258\u513f\u6240\u5728\u7ebf\u7f51",
        "action_flag": "change",
        "message": "\u5df2\u4fee\u6539 image \u3002"
    }
},
{
    "model": "xadmin.log",
    "pk": 17,
    "fields": {
        "action_time": "2018-01-19T01:38:45.577",
        "user": [
            "apolo"
        ],
        "ip_addr": "127.0.0.1",
        "content_type": [
            "organization",
            "courseorg"
        ],
        "object_id": "10",
        "object_repr": "\u5e7c\u513f\u56ed\u5728\u7ebf",
        "action_flag": "create",
        "message": "\u5df2\u6dfb\u52a0\u3002"
    }
},
{
    "model": "xadmin.log",
    "pk": 18,
    "fields": {
        "action_time": "2018-01-19T01:39:01.286",
        "user": [
            "apolo"
        ],
        "ip_addr": "127.0.0.1",
        "content_type": [
            "organization",
            "courseorg"
        ],
        "object_id": "11",
        "object_repr": "\u5e7c\u513f\u56ed\u5728\u7ebf2\u73ed",
        "action_flag": "create",
        "message": "\u5df2\u6dfb\u52a0\u3002"
    }
},
{
    "model": "xadmin.log",
    "pk": 19,
    "fields": {
        "action_time": "2018-01-19T01:39:09.401",
        "user": [
            "apolo"
        ],
        "ip_addr": "127.0.0.1",
        "content_type": [
            "organization",
            "courseorg"
        ],
        "object_id": "12",
        "object_repr": "\u5e7c\u513f\u56ed\u5728\u7ebf3\u73ed",
        "action_flag": "create",
        "message": "\u5df2\u6dfb\u52a0\u3002"
    }
},
{
    "model": "xadmin.log",
    "pk": 20,
    "fields": {
        "action_time": "2018-01-19T01:39:49.821",
        "user": [
            "apolo"
        ],
        "ip_addr": "127.0.0.1",
        "content_type": [
            "organization",
            "teacher"
        ],
        "object_id": "1",
        "object_repr": "apolo",
        "action_flag": "create",
        "message": "\u5df2\u6dfb\u52a0\u3002"
    }
},
{
    "model": "xadmin.log",
    "pk": 21,
    "fields": {
        "action_time": "2018-01-19T01:40:21.914",
        "user": [
            "apolo"
        ],
        "ip_addr": "127.0.0.1",
        "content_type": [
            "organization",
            "teacher"
        ],
        "object_id": "2",
        "object_repr": "\u5c0f\u91d1",
        "action_flag": "create",
        "message": "\u5df2\u6dfb\u52a0\u3002"
    }
},
{
    "model": "xadmin.log",
    "pk": 22,
    "fields": {
        "action_time": "2018-01-19T01:40:34.800",
        "user": [
            "apolo"
        ],
        "ip_addr": "127.0.0.1",
        "content_type": [
            "organization",
            "teacher"
        ],
        "object_id": "3",
        "object_repr": "\u5c0f\u91d1",
        "action_flag": "create",
        "message": "\u5df2\u6dfb\u52a0\u3002"
    }
},
{
    "model": "xadmin.log",
    "pk": 23,
    "fields": {
        "action_time": "2018-01-19T01:41:05.254",
        "user": [
            "apolo"
        ],
        "ip_addr": "127.0.0.1",
        "content_type": [
            "organization",
            "teacher"
        ],
        "object_id": "4",
        "object_repr": "\u5c0f\u8428",
        "action_flag": "create",
        "message": "\u5df2\u6dfb\u52a0\u3002"
    }
},
{
    "model": "xadmin.log",
    "pk": 24,
    "fields": {
        "action_time": "2018-01-19T01:41:10.433",
        "user": [
            "apolo"
        ],
        "ip_addr": "127.0.0.1",
        "content_type": [
            "organization",
            "teacher"
        ],
        "object_id": "5",
        "object_repr": "\u5c0f\u8428",
        "action_flag": "create",
        "message": "\u5df2\u6dfb\u52a0\u3002"
    }
},
{
    "model": "xadmin.log",
    "pk": 25,
    "fields": {
        "action_time": "2018-01-19T01:41:21.202",
        "user": [
            "apolo"
        ],
        "ip_addr": "127.0.0.1",
        "content_type": [
            "organization",
            "teacher"
        ],
        "object_id": "6",
        "object_repr": "\u5c0f\u8428",
        "action_flag": "create",
        "message": "\u5df2\u6dfb\u52a0\u3002"
    }
},
{
    "model": "xadmin.log",
    "pk": 26,
    "fields": {
        "action_time": "2018-01-19T01:41:44.502",
        "user": [
            "apolo"
        ],
        "ip_addr": "127.0.0.1",
        "content_type": [
            "organization",
            "teacher"
        ],
        "object_id": "7",
        "object_repr": "\u5c0f\u54c8",
        "action_flag": "create",
        "message": "\u5df2\u6dfb\u52a0\u3002"
    }
},
{
    "model": "xadmin.log",
    "pk": 27,
    "fields": {
        "action_time": "2018-01-19T01:41:50.841",
        "user": [
            "apolo"
        ],
        "ip_addr": "127.0.0.1",
        "content_type": [
            "organization",
            "teacher"
        ],
        "object_id": "8",
        "object_repr": "\u5c0f\u54c8",
        "action_flag": "create",
        "message": "\u5df2\u6dfb\u52a0\u3002"
    }
},
{
    "model": "xadmin.log",
    "pk": 28,
    "fields": {
        "action_time": "2018-01-19T01:41:55.783",
        "user": [
            "apolo"
        ],
        "ip_addr": "127.0.0.1",
        "content_type": [
            "organization",
            "teacher"
        ],
        "object_id": "9",
        "object_repr": "\u5c0f\u54c8",
        "action_flag": "create",
        "message": "\u5df2\u6dfb\u52a0\u3002"
    }
},
{
    "model": "xadmin.log",
    "pk": 29,
    "fields": {
        "action_time": "2018-01-19T01:42:17.812",
        "user": [
            "apolo"
        ],
        "ip_addr": "127.0.0.1",
        "content_type": [
            "organization",
            "teacher"
        ],
        "object_id": "10",
        "object_repr": "\u5c0f\u54c8",
        "action_flag": "create",
        "message": "\u5df2\u6dfb\u52a0\u3002"
    }
},
{
    "model": "xadmin.log",
    "pk": 30,
    "fields": {
        "action_time": "2018-01-19T01:42:28.046",
        "user": [
            "apolo"
        ],
        "ip_addr": "127.0.0.1",
        "content_type": [
            "organization",
            "teacher"
        ],
        "object_id": "11",
        "object_repr": "\u5c0f\u54c8",
        "action_flag": "create",
        "message": "\u5df2\u6dfb\u52a0\u3002"
    }
},
{
    "model": "xadmin.log",
    "pk": 31,
    "fields": {
        "action_time": "2018-01-19T01:42:34.758",
        "user": [
            "apolo"
        ],
        "ip_addr": "127.0.0.1",
        "content_type": [
            "organization",
            "teacher"
        ],
        "object_id": "12",
        "object_repr": "\u5c0f\u54c8",
        "action_flag": "create",
        "message": "\u5df2\u6dfb\u52a0\u3002"
    }
},
{
    "model": "xadmin.log",
    "pk": 32,
    "fields": {
        "action_time": "2018-01-19T01:42:55.867",
        "user": [
            "apolo"
        ],
        "ip_addr": "127.0.0.1",
        "content_type": [
            "organization",
            "teacher"
        ],
        "object_id": "8",
        "object_repr": "\u5c0f\u54c8",
        "action_flag": "change",
        "message": "\u5df2\u4fee\u6539 work_company \u3002"
    }
},
{
    "model": "xadmin.log",
    "pk": 33,
    "fields": {
        "action_time": "2018-01-19T01:43:03.118",
        "user": [
            "apolo"
        ],
        "ip_addr": "127.0.0.1",
        "content_type": [
            "organization",
            "teacher"
        ],
        "object_id": "9",
        "object_repr": "\u5c0f\u54c8",
        "action_flag": "change",
        "message": "\u5df2\u4fee\u6539 work_company \u3002"
    }
},
{
    "model": "xadmin.log",
    "pk": 34,
    "fields": {
        "action_time": "2018-01-19T01:43:09.791",
        "user": [
            "apolo"
        ],
        "ip_addr": "127.0.0.1",
        "content_type": [
            "organization",
            "teacher"
        ],
        "object_id": "5",
        "object_repr": "\u5c0f\u8428",
        "action_flag": "change",
        "message": "\u5df2\u4fee\u6539 work_company \u3002"
    }
},
{
    "model": "xadmin.log",
    "pk": 35,
    "fields": {
        "action_time": "2018-01-19T01:44:04.508",
        "user": [
            "apolo"
        ],
        "ip_addr": "127.0.0.1",
        "content_type": [
            "users",
            "userprofile"
        ],
        "object_id": "1",
        "object_repr": "apolo",
        "action_flag": "change",
        "message": "\u5df2\u4fee\u6539 last_login\uff0cfirst_name\uff0clast_name\uff0cnick_name\uff0cgender\uff0caddress \u548c image \u3002"
    }
},
{
    "model": "xadmin.log",
    "pk": 36,
    "fields": {
        "action_time": "2018-01-19T01:44:28.364",
        "user": [
            "apolo"
        ],
        "ip_addr": "127.0.0.1",
        "content_type": [
            "users",
            "userprofile"
        ],
        "object_id": "2",
        "object_repr": "apolo1",
        "action_flag": "change",
        "message": "\u5df2\u4fee\u6539 nick_name\uff0cgender\uff0caddress \u548c image \u3002"
    }
},
{
    "model": "xadmin.log",
    "pk": 37,
    "fields": {
        "action_time": "2018-01-19T01:44:55.396",
        "user": [
            "apolo"
        ],
        "ip_addr": "127.0.0.1",
        "content_type": [
            "users",
            "userprofile"
        ],
        "object_id": "3",
        "object_repr": "apolo2",
        "action_flag": "change",
        "message": "\u5df2\u4fee\u6539 nick_name\uff0cgender\uff0caddress \u548c image \u3002"
    }
},
{
    "model": "xadmin.log",
    "pk": 38,
    "fields": {
        "action_time": "2018-01-19T01:45:11.105",
        "user": [
            "apolo"
        ],
        "ip_addr": "127.0.0.1",
        "content_type": [
            "users",
            "userprofile"
        ],
        "object_id": "1",
        "object_repr": "apolo",
        "action_flag": "change",
        "message": "\u5df2\u4fee\u6539 image \u3002"
    }
},
{
    "model": "xadmin.log",
    "pk": 39,
    "fields": {
        "action_time": "2018-01-19T01:50:22.741",
        "user": [
            "apolo"
        ],
        "ip_addr": "127.0.0.1",
        "content_type": [
            "courses",
            "course"
        ],
        "object_id": "1",
        "object_repr": "python\u5165\u95e8",
        "action_flag": "create",
        "message": "\u5df2\u6dfb\u52a0\u3002"
    }
},
{
    "model": "xadmin.log",
    "pk": 40,
    "fields": {
        "action_time": "2018-01-19T01:50:31.036",
        "user": [
            "apolo"
        ],
        "ip_addr": "127.0.0.1",
        "content_type": [
            "courses",
            "course"
        ],
        "object_id": "2",
        "object_repr": "python\u5165\u95e8",
        "action_flag": "create",
        "message": "\u5df2\u6dfb\u52a0\u3002"
    }
},
{
    "model": "xadmin.log",
    "pk": 41,
    "fields": {
        "action_time": "2018-01-19T01:50:37.891",
        "user": [
            "apolo"
        ],
        "ip_addr": "127.0.0.1",
        "content_type": [
            "courses",
            "course"
        ],
        "object_id": "3",
        "object_repr": "python\u5165\u95e8",
        "action_flag": "create",
        "message": "\u5df2\u6dfb\u52a0\u3002"
    }
},
{
    "model": "xadmin.log",
    "pk": 42,
    "fields": {
        "action_time": "2018-01-19T01:50:53.298",
        "user": [
            "apolo"
        ],
        "ip_addr": "127.0.0.1",
        "content_type": [
            "courses",
            "course"
        ],
        "object_id": "4",
        "object_repr": "python\u5165\u95e8",
        "action_flag": "create",
        "message": "\u5df2\u6dfb\u52a0\u3002"
    }
},
{
    "model": "xadmin.log",
    "pk": 43,
    "fields": {
        "action_time": "2018-01-19T01:51:03.176",
        "user": [
            "apolo"
        ],
        "ip_addr": "127.0.0.1",
        "content_type": [
            "courses",
            "course"
        ],
        "object_id": "5",
        "object_repr": "python\u5165\u95e8",
        "action_flag": "create",
        "message": "\u5df2\u6dfb\u52a0\u3002"
    }
},
{
    "model": "xadmin.log",
    "pk": 44,
    "fields": {
        "action_time": "2018-01-19T01:51:12.595",
        "user": [
            "apolo"
        ],
        "ip_addr": "127.0.0.1",
        "content_type": [
            "courses",
            "course"
        ],
        "object_id": "6",
        "object_repr": "python\u5165\u95e8",
        "action_flag": "create",
        "message": "\u5df2\u6dfb\u52a0\u3002"
    }
},
{
    "model": "xadmin.log",
    "pk": 45,
    "fields": {
        "action_time": "2018-01-19T01:51:22.353",
        "user": [
            "apolo"
        ],
        "ip_addr": "127.0.0.1",
        "content_type": [
            "courses",
            "course"
        ],
        "object_id": "7",
        "object_repr": "python\u5165\u95e8",
        "action_flag": "create",
        "message": "\u5df2\u6dfb\u52a0\u3002"
    }
},
{
    "model": "xadmin.log",
    "pk": 46,
    "fields": {
        "action_time": "2018-01-19T01:51:35.420",
        "user": [
            "apolo"
        ],
        "ip_addr": "127.0.0.1",
        "content_type": [
            "courses",
            "course"
        ],
        "object_id": "8",
        "object_repr": "python\u5165\u95e8",
        "action_flag": "create",
        "message": "\u5df2\u6dfb\u52a0\u3002"
    }
},
{
    "model": "xadmin.log",
    "pk": 47,
    "fields": {
        "action_time": "2018-01-19T01:51:45.941",
        "user": [
            "apolo"
        ],
        "ip_addr": "127.0.0.1",
        "content_type": [
            "courses",
            "course"
        ],
        "object_id": "9",
        "object_repr": "python\u5165\u95e8",
        "action_flag": "create",
        "message": "\u5df2\u6dfb\u52a0\u3002"
    }
},
{
    "model": "xadmin.log",
    "pk": 48,
    "fields": {
        "action_time": "2018-01-19T01:52:17.538",
        "user": [
            "apolo"
        ],
        "ip_addr": "127.0.0.1",
        "content_type": [
            "courses",
            "course"
        ],
        "object_id": "10",
        "object_repr": "PHP\u5165\u95e8",
        "action_flag": "create",
        "message": "\u5df2\u6dfb\u52a0\u3002"
    }
},
{
    "model": "xadmin.log",
    "pk": 49,
    "fields": {
        "action_time": "2018-01-19T01:52:47.253",
        "user": [
            "apolo"
        ],
        "ip_addr": "127.0.0.1",
        "content_type": [
            "courses",
            "course"
        ],
        "object_id": "4",
        "object_repr": "django\u5165\u95e8",
        "action_flag": "change",
        "message": "\u5df2\u4fee\u6539 name\uff0cdesc\uff0cdetail\uff0ctag \u548c category \u3002"
    }
},
{
    "model": "xadmin.log",
    "pk": 50,
    "fields": {
        "action_time": "2018-01-19T01:53:18.824",
        "user": [
            "apolo"
        ],
        "ip_addr": "127.0.0.1",
        "content_type": [
            "courses",
            "course"
        ],
        "object_id": "5",
        "object_repr": "PHP\u5165\u95e8",
        "action_flag": "change",
        "message": "\u5df2\u4fee\u6539 name\uff0cdesc\uff0cdetail\uff0ctag \u548c category \u3002"
    }
},
{
    "model": "xadmin.log",
    "pk": 51,
    "fields": {
        "action_time": "2018-01-19T01:53:38.445",
        "user": [
            "apolo"
        ],
        "ip_addr": "127.0.0.1",
        "content_type": [
            "courses",
            "course"
        ],
        "object_id": "6",
        "object_repr": "JavaScript\u5165\u95e8",
        "action_flag": "change",
        "message": "\u5df2\u4fee\u6539 name\uff0cdesc\uff0cdetail\uff0ctag \u548c category \u3002"
    }
},
{
    "model": "xadmin.log",
    "pk": 52,
    "fields": {
        "action_time": "2018-01-19T01:54:03.100",
        "user": [
            "apolo"
        ],
        "ip_addr": "127.0.0.1",
        "content_type": [
            "courses",
            "course"
        ],
        "object_id": "8",
        "object_repr": "django\u5165\u95e8",
        "action_flag": "change",
        "message": "\u5df2\u4fee\u6539 name\uff0cdesc\uff0cdetail\uff0ctag \u548c category \u3002"
    }
},
{
    "model": "xadmin.log",
    "pk": 53,
    "fields": {
        "action_time": "2018-01-19T01:54:17.692",
        "user": [
            "apolo"
        ],
        "ip_addr": "127.0.0.1",
        "content_type": [
            "courses",
            "course"
        ],
        "object_id": "9",
        "object_repr": "jQuery\u5165\u95e8",
        "action_flag": "change",
        "message": "\u5df2\u4fee\u6539 name\uff0cdesc\uff0cdetail\uff0ctag \u548c category \u3002"
    }
},
{
    "model": "xadmin.log",
    "pk": 54,
    "fields": {
        "action_time": "2018-01-19T01:55:11.076",
        "user": [
            "apolo"
        ],
        "ip_addr": "127.0.0.1",
        "content_type": [
            "courses",
            "course"
        ],
        "object_id": "11",
        "object_repr": "Django \u5165\u95e8",
        "action_flag": "create",
        "message": "\u5df2\u6dfb\u52a0\u3002"
    }
},
{
    "model": "xadmin.log",
    "pk": 55,
    "fields": {
        "action_time": "2018-01-19T01:55:31.232",
        "user": [
            "apolo"
        ],
        "ip_addr": "127.0.0.1",
        "content_type": [
            "courses",
            "course"
        ],
        "object_id": "12",
        "object_repr": "Django \u5165\u95e8",
        "action_flag": "create",
        "message": "\u5df2\u6dfb\u52a0\u3002"
    }
},
{
    "model": "xadmin.log",
    "pk": 56,
    "fields": {
        "action_time": "2018-01-19T01:56:28.462",
        "user": [
            "apolo"
        ],
        "ip_addr": "127.0.0.1",
        "content_type": [
            "operation",
            "usercourse"
        ],
        "object_id": "1",
        "object_repr": "apolo1 : Django \u5165\u95e8",
        "action_flag": "create",
        "message": "\u5df2\u6dfb\u52a0\u3002"
    }
},
{
    "model": "xadmin.log",
    "pk": 57,
    "fields": {
        "action_time": "2018-01-19T01:56:39.388",
        "user": [
            "apolo"
        ],
        "ip_addr": "127.0.0.1",
        "content_type": [
            "operation",
            "usercourse"
        ],
        "object_id": "2",
        "object_repr": "apolo1 : python\u5165\u95e8",
        "action_flag": "create",
        "message": "\u5df2\u6dfb\u52a0\u3002"
    }
},
{
    "model": "xadmin.log",
    "pk": 58,
    "fields": {
        "action_time": "2018-01-19T01:57:30.426",
        "user": [
            "apolo"
        ],
        "ip_addr": "127.0.0.1",
        "content_type": [
            "operation",
            "usercourse"
        ],
        "object_id": "3",
        "object_repr": "apolo : PHP\u5165\u95e8",
        "action_flag": "create",
        "message": "\u5df2\u6dfb\u52a0\u3002"
    }
},
{
    "model": "xadmin.log",
    "pk": 59,
    "fields": {
        "action_time": "2018-01-19T01:57:36.063",
        "user": [
            "apolo"
        ],
        "ip_addr": "127.0.0.1",
        "content_type": [
            "operation",
            "usercourse"
        ],
        "object_id": "4",
        "object_repr": "apolo : jQuery\u5165\u95e8",
        "action_flag": "create",
        "message": "\u5df2\u6dfb\u52a0\u3002"
    }
},
{
    "model": "xadmin.log",
    "pk": 60,
    "fields": {
        "action_time": "2018-01-19T08:32:45.859",
        "user": [
            "apolo"
        ],
        "ip_addr": "127.0.0.1",
        "content_type": [
            "organization",
            "courseorg"
        ],
        "object_id": "12",
        "object_repr": "\u5e7c\u513f\u56ed\u5728\u7ebf3\u73ed",
        "action_flag": "change",
        "message": "\u5df2\u4fee\u6539 category \u3002"
    }
},
{
    "model": "xadmin.log",
    "pk": 61,
    "fields": {
        "action_time": "2018-01-19T10:25:15.589",
        "user": [
            "apolo"
        ],
        "ip_addr": "127.0.0.1",
        "content_type": [
            "courses",
            "lesson"
        ],
        "object_id": "1",
        "object_repr": "Lesson object",
        "action_flag": "create",
        "message": "\u5df2\u6dfb\u52a0\u3002"
    }
},
{
    "model": "xadmin.log",
    "pk": 62,
    "fields": {
        "action_time": "2018-01-20T11:30:05.508",
        "user": [
            "apolo"
        ],
        "ip_addr": "127.0.0.1",
        "content_type": [
            "courses",
            "lesson"
        ],
        "object_id": "11",
        "object_repr": "Lesson object",
        "action_flag": "create",
        "message": "\u5df2\u6dfb\u52a0\u3002"
    }
},
{
    "model": "xadmin.log",
    "pk": 63,
    "fields": {
        "action_time": "2018-01-20T11:31:29.236",
        "user": [
            "apolo"
        ],
        "ip_addr": "127.0.0.1",
        "content_type": [
            "courses",
            "lesson"
        ],
        "object_id": "12",
        "object_repr": "Lesson object",
        "action_flag": "create",
        "message": "\u5df2\u6dfb\u52a0\u3002"
    }
},
{
    "model": "xadmin.log",
    "pk": 64,
    "fields": {
        "action_time": "2018-01-20T11:35:33.084",
        "user": [
            "apolo"
        ],
        "ip_addr": "127.0.0.1",
        "content_type": [
            "courses",
            "lesson"
        ],
        "object_id": "26",
        "object_repr": "Lesson object",
        "action_flag": "create",
        "message": "\u5df2\u6dfb\u52a0\u3002"
    }
}
]
