[
{
    "model": "sites.site",
    "pk": 1,
    "fields": {
        "domain": "localhost",
        "name": "localhost"
    }
},
{
    "model": "sessions.session",
    "pk": "4e104471rdlo74k5r11v5mtww25chmr3",
    "fields": {
        "session_data": "MmM1YjFjY2E4ZmVhOTczMDA3YzU1ZTQwNWMyOTZmYTI2Y2UzZjZlZjp7IkxJU1RfUVVFUlkiOltbIm9yZ2FuaXphdGlvbiIsImNvdXJzZW9yZyJdLCIiXSwiX2F1dGhfdXNlcl9oYXNoIjoiYTdiNTk1YTc0YzRjZDhiZWIzYWExMWI5NmY5OTdmN2JiZWU3Yzg3NCIsIl9hdXRoX3VzZXJfaWQiOiIxIiwiX2F1dGhfdXNlcl9iYWNrZW5kIjoidXNlcnMudmlld3MuQ3VzdG9tQmFja2VuZCJ9",
        "expire_date": "2018-02-17T23:50:48.955"
    }
},
{
    "model": "sessions.session",
    "pk": "izkw8zxkmvbkinflagej4hx8aigg3x7h",
    "fields": {
        "session_data": "NTVkOTkwZWM0ZDMyZGRmYzk3MTkwNjliZDUxMmJmMzVkNjJkYTFiYjp7Il9hdXRoX3VzZXJfYmFja2VuZCI6InVzZXJzLnZpZXdzLkN1c3RvbUJhY2tlbmQiLCJMSVNUX1FVRVJZIjpbWyJjb3Vyc2VzIiwidmlkZW8iXSwiX3JlbF9sZXNzb25fX2lkX19leGFjdD0xNiJdLCJfYXV0aF91c2VyX2hhc2giOiJjZDUzZjk0Mzg2ZmM2YmNiNDMyMzJhNGZiODEzZjllMTY3NzdjYTEyIiwiX2F1dGhfdXNlcl9pZCI6IjEifQ==",
        "expire_date": "2018-02-04T11:40:47.558"
    }
},
{
    "model": "sessions.session",
    "pk": "oqq8badvzvfofcebtipexswczmqlvpuq",
    "fields": {
        "session_data": "NjRlMjgxNmE3Y2FmZTU1MTA0OWUzNmEyNGI5NzJkNTFkYzUxZjg5Njp7Il9hdXRoX3VzZXJfaGFzaCI6ImE3YjU5NWE3NGM0Y2Q4YmViM2FhMTFiOTZmOTk3ZjdiYmVlN2M4NzQiLCJfYXV0aF91c2VyX2lkIjoiMSIsIl9hdXRoX3VzZXJfYmFja2VuZCI6InVzZXJzLnZpZXdzLkN1c3RvbUJhY2tlbmQifQ==",
        "expire_date": "2018-02-15T16:27:05.788"
    }
},
{
    "model": "users.userprofile",
    "fields": {
        "password": "pbkdf2_sha256$24000$odt9oT5NzPwk$SrDb069kJ8RpFm18MjgbMSmTFBd6vaz8Ny/QYsWg+gg=",
        "last_login": "2018-02-03T23:50:47.919",
        "is_superuser": true,
        "username": "apolo",
        "first_name": "\u963f\u6ce2\u7f57",
        "last_name": "\u675c",
        "email": "dudueasy@126.com",
        "is_staff": true,
        "is_active": true,
        "date_joined": "2018-01-19T01:31:00",
        "nick_name": "apolodu",
        "birthday": "2018-01-29",
        "gender": "male",
        "address": "china",
        "mobile": "",
        "image": "image/2018/02/\u7ad9\u957f\u963f\u6ce2\u7f57_8MkyWbI.jpeg",
        "groups": [],
        "user_permissions": []
    }
},
{
    "model": "users.userprofile",
    "fields": {
        "password": "pbkdf2_sha256$24000$Zj3xrIMeETtK$EGX2F+wWqLJDyaPYzlPi/Fhr5CUEW8KKZkHZ+AP9HAI=",
        "last_login": null,
        "is_superuser": false,
        "username": "apolo1",
        "first_name": "",
        "last_name": "",
        "email": "",
        "is_staff": false,
        "is_active": true,
        "date_joined": "2018-01-19T01:32:00",
        "nick_name": "dudu",
        "birthday": null,
        "gender": "male",
        "address": "china",
        "mobile": "",
        "image": "image/2018/01/\u9ad8\u8fbe2_amsjfTa.jpeg",
        "groups": [],
        "user_permissions": []
    }
},
{
    "model": "users.userprofile",
    "fields": {
        "password": "pbkdf2_sha256$24000$ivVLDMcP3h4a$eaTETsf6sD8qR+Myf/ks6eg0d0d3/jUQs4XX29PvS4M=",
        "last_login": null,
        "is_superuser": false,
        "username": "apolo2",
        "first_name": "",
        "last_name": "",
        "email": "",
        "is_staff": false,
        "is_active": true,
        "date_joined": "2018-01-19T01:33:00",
        "nick_name": "du",
        "birthday": null,
        "gender": "male",
        "address": "china",
        "mobile": "",
        "image": "image/2018/01/\u9ad8\u8fbe_6QmD6w7.jpeg",
        "groups": [],
        "user_permissions": []
    }
},
{
    "model": "users.emailverifyrecord",
    "pk": 1,
    "fields": {
        "code": "9D6efTmvSOTqBVbK",
        "email": "apolo",
        "send_type": "forget",
        "send_time": "2018-01-31T17:32:09.170"
    }
},
{
    "model": "users.emailverifyrecord",
    "pk": 2,
    "fields": {
        "code": "97OeZIwEujcS8kE4",
        "email": "dudueasy",
        "send_type": "forget",
        "send_time": "2018-01-31T17:32:31.192"
    }
},
{
    "model": "users.emailverifyrecord",
    "pk": 3,
    "fields": {
        "code": "HzYFyuykca4w9UaA",
        "email": "dudueasy",
        "send_type": "forget",
        "send_time": "2018-01-31T17:36:08.392"
    }
},
{
    "model": "users.emailverifyrecord",
    "pk": 4,
    "fields": {
        "code": "2Ff8xnLHjuEyq1bG",
        "email": "dudueasy@126.com",
        "send_type": "forget",
        "send_time": "2018-01-31T17:37:10.991"
    }
},
{
    "model": "users.banner",
    "pk": 1,
    "fields": {
        "title": "\u5c01\u97621",
        "image": "banner/2018/02/banner1_2ug5TST.jpg",
        "url": "https://dudueasy.github.io/xyz/cv/",
        "index": 1,
        "add_time": "2018-02-03T21:39:00"
    }
},
{
    "model": "users.banner",
    "pk": 2,
    "fields": {
        "title": "\u5c01\u97623",
        "image": "banner/2018/02/banner1_L5EihMx.jpg",
        "url": "https://dudueasy.github.io/xyz/cv/",
        "index": 3,
        "add_time": "2018-02-03T21:43:00"
    }
},
{
    "model": "users.banner",
    "pk": 3,
    "fields": {
        "title": "\u5c01\u97625",
        "image": "banner/2018/02/banner1_2lG7Kbo.jpg",
        "url": "https://dudueasy.github.io/xyz/cv/",
        "index": 5,
        "add_time": "2018-02-03T21:43:00"
    }
},
{
    "model": "users.banner",
    "pk": 4,
    "fields": {
        "title": "\u5c01\u97622",
        "image": "banner/2018/02/banner2.jpg",
        "url": "https://dudueasy.github.io/xyz/cv/",
        "index": 2,
        "add_time": "2018-02-03T21:43:00"
    }
},
{
    "model": "users.banner",
    "pk": 5,
    "fields": {
        "title": "\u5c01\u97624",
        "image": "banner/2018/02/banner2_ljYz5Mo.jpg",
        "url": "https://dudueasy.github.io/xyz/cv/",
        "index": 4,
        "add_time": "2018-02-03T21:43:00"
    }
},
{
    "model": "courses.course",
    "pk": 1,
    "fields": {
        "course_org": 1,
        "name": "python\u5165\u95e8",
        "desc": "python\u5165\u95e8",
        "detail": "python\u5165\u95e8",
        "degree": "cj",
        "learn_times": 60,
        "students": 100,
        "fav_nums": 21,
        "image": "courses/2018/01/\u4e0b\u8f7d_zHJZKzn.png",
        "click_nums": 44,
        "add_time": "2018-01-19T01:45:00",
        "tag": "python",
        "category": "python developing",
        "teacher": 1,
        "need_to_know": "\u9700\u8981\u6309\u65f6\u5b8c\u6210\u8bfe\u7a0b\u4e2d\u5e03\u7f6e\u7684\u4efb\u52a1",
        "teacher_hint": "\u8bf7\u52a0\u5165\u6211\u4eec\u7684qq\u7fa4 :111",
        "is_banner": true
    }
},
{
    "model": "courses.course",
    "pk": 2,
    "fields": {
        "course_org": 2,
        "name": "python\u8fdb\u9636",
        "desc": "python\u8fdb\u9636",
        "detail": "python\u8fdb\u9636",
        "degree": "cj",
        "learn_times": 60,
        "students": 100,
        "fav_nums": 20,
        "image": "courses/2018/01/\u4e0b\u8f7d_nbhsQg3.png",
        "click_nums": 3,
        "add_time": "2018-01-19T01:50:00",
        "tag": "python",
        "category": "python developing",
        "teacher": 2,
        "need_to_know": null,
        "teacher_hint": null,
        "is_banner": false
    }
},
{
    "model": "courses.course",
    "pk": 3,
    "fields": {
        "course_org": 3,
        "name": "python\u9ad8\u7ea7",
        "desc": "python\u9ad8\u7ea7",
        "detail": "python\u9ad8\u7ea7",
        "degree": "cj",
        "learn_times": 60,
        "students": 100,
        "fav_nums": 0,
        "image": "courses/2018/01/\u4e0b\u8f7d_TLZvyhs.png",
        "click_nums": 3,
        "add_time": "2018-01-19T01:50:00",
        "tag": "python",
        "category": "python developing",
        "teacher": 3,
        "need_to_know": null,
        "teacher_hint": null,
        "is_banner": false
    }
},
{
    "model": "courses.course",
    "pk": 4,
    "fields": {
        "course_org": 4,
        "name": "django\u5165\u95e8",
        "desc": "django\u5165\u95e8",
        "detail": "django\u5165\u95e8",
        "degree": "cj",
        "learn_times": 60,
        "students": 100,
        "fav_nums": 0,
        "image": "courses/2018/01/\u4e0b\u8f7d_1.png",
        "click_nums": 22,
        "add_time": "2018-01-19T01:50:00",
        "tag": "django",
        "category": "django developing",
        "teacher": 4,
        "need_to_know": null,
        "teacher_hint": null,
        "is_banner": true
    }
},
{
    "model": "courses.course",
    "pk": 5,
    "fields": {
        "course_org": 5,
        "name": "PHP\u5165\u95e8",
        "desc": "PHP\u5165\u95e8",
        "detail": "PHP\u5165\u95e8",
        "degree": "cj",
        "learn_times": 60,
        "students": 100,
        "fav_nums": 0,
        "image": "courses/2018/01/php2.png",
        "click_nums": 1,
        "add_time": "2018-01-19T01:50:00",
        "tag": "PHP",
        "category": "PHP developing",
        "teacher": 5,
        "need_to_know": null,
        "teacher_hint": null,
        "is_banner": false
    }
},
{
    "model": "courses.course",
    "pk": 6,
    "fields": {
        "course_org": 6,
        "name": "JavaScript\u5165\u95e8",
        "desc": "JavaScript\u5165\u95e8",
        "detail": "JavaScript\u5165\u95e8",
        "degree": "cj",
        "learn_times": 60,
        "students": 100,
        "fav_nums": 0,
        "image": "courses/2018/01/\u4e0b\u8f7d_4.png",
        "click_nums": 10,
        "add_time": "2018-01-19T01:51:00",
        "tag": "JavaScript",
        "category": "JavaScript developing",
        "teacher": 6,
        "need_to_know": null,
        "teacher_hint": null,
        "is_banner": true
    }
},
{
    "model": "courses.course",
    "pk": 7,
    "fields": {
        "course_org": 7,
        "name": "python\u5b9e\u8df5",
        "desc": "python\u5b9e\u8df5",
        "detail": "python\u5b9e\u8df5",
        "degree": "cj",
        "learn_times": 60,
        "students": 100,
        "fav_nums": 0,
        "image": "courses/2018/01/\u4e0b\u8f7d_6LAYpWE.png",
        "click_nums": 3,
        "add_time": "2018-01-19T01:51:00",
        "tag": "python",
        "category": "python developing",
        "teacher": 7,
        "need_to_know": null,
        "teacher_hint": null,
        "is_banner": false
    }
},
{
    "model": "courses.course",
    "pk": 8,
    "fields": {
        "course_org": 8,
        "name": "django\u8fdb\u9636",
        "desc": "django\u8fdb\u9636",
        "detail": "django\u8fdb\u9636",
        "degree": "cj",
        "learn_times": 60,
        "students": 100,
        "fav_nums": 0,
        "image": "courses/2018/01/django_es_facil.jpeg",
        "click_nums": 5,
        "add_time": "2018-01-19T01:51:00",
        "tag": "django",
        "category": "django developing",
        "teacher": 8,
        "need_to_know": null,
        "teacher_hint": null,
        "is_banner": false
    }
},
{
    "model": "courses.course",
    "pk": 9,
    "fields": {
        "course_org": 9,
        "name": "jQuery\u5165\u95e8",
        "desc": "jQuery\u5165\u95e8",
        "detail": "jQuery\u5165\u95e8",
        "degree": "cj",
        "learn_times": 60,
        "students": 100,
        "fav_nums": 0,
        "image": "courses/2018/01/\u4e0b\u8f7d_3.png",
        "click_nums": 0,
        "add_time": "2018-01-19T01:51:00",
        "tag": "JavaScript",
        "category": "jQuery developing",
        "teacher": 9,
        "need_to_know": null,
        "teacher_hint": null,
        "is_banner": false
    }
},
{
    "model": "courses.course",
    "pk": 10,
    "fields": {
        "course_org": 10,
        "name": "PHP\u8fdb\u9636",
        "desc": "PHP\u8fdb\u9636",
        "detail": "PHP\u8fdb\u9636",
        "degree": "cj",
        "learn_times": 60,
        "students": 100,
        "fav_nums": 0,
        "image": "courses/2018/01/php.png",
        "click_nums": 0,
        "add_time": "2018-01-19T01:51:00",
        "tag": "PHP",
        "category": "PHP developing",
        "teacher": 10,
        "need_to_know": null,
        "teacher_hint": null,
        "is_banner": false
    }
},
{
    "model": "courses.course",
    "pk": 11,
    "fields": {
        "course_org": 11,
        "name": "Django\u9ad8\u7ea7",
        "desc": "Django\u9ad8\u7ea7",
        "detail": "Django\u9ad8\u7ea7",
        "degree": "zj",
        "learn_times": 30,
        "students": 20,
        "fav_nums": 0,
        "image": "courses/2018/01/django.jpeg",
        "click_nums": 7,
        "add_time": "2018-01-19T01:54:00",
        "tag": "django",
        "category": "Django developing",
        "teacher": 11,
        "need_to_know": null,
        "teacher_hint": null,
        "is_banner": false
    }
},
{
    "model": "courses.course",
    "pk": 12,
    "fields": {
        "course_org": 12,
        "name": "Django\u5b9e\u8df5",
        "desc": "Django\u5b9e\u8df5",
        "detail": "Django\u5b9e\u8df5",
        "degree": "zj",
        "learn_times": 30,
        "students": 23,
        "fav_nums": 0,
        "image": "courses/2018/01/django_NHWvTh2.jpeg",
        "click_nums": 42,
        "add_time": "2018-01-19T01:55:00",
        "tag": "django",
        "category": "Django developing",
        "teacher": 12,
        "need_to_know": null,
        "teacher_hint": null,
        "is_banner": false
    }
},
{
    "model": "courses.lesson",
    "pk": 1,
    "fields": {
        "course": 1,
        "name": "\u7b2c\u4e00\u7ae0 python\u5165\u95e8\u57fa\u7840\u77e5\u8bc6",
        "add_time": "2018-01-20T11:31:00"
    }
},
{
    "model": "courses.lesson",
    "pk": 2,
    "fields": {
        "course": 2,
        "name": "\u7b2c\u4e00\u7ae0 python\u8fdb\u9636\u57fa\u7840\u77e5\u8bc6",
        "add_time": "2018-01-20T11:31:00"
    }
},
{
    "model": "courses.lesson",
    "pk": 3,
    "fields": {
        "course": 3,
        "name": "\u7b2c\u4e00\u7ae0 python\u9ad8\u7ea7\u57fa\u7840\u77e5\u8bc6",
        "add_time": "2018-01-20T11:31:00"
    }
},
{
    "model": "courses.lesson",
    "pk": 4,
    "fields": {
        "course": 4,
        "name": "\u7b2c\u4e00\u7ae0 django\u5165\u95e8 \u57fa\u7840\u77e5\u8bc6",
        "add_time": "2018-01-20T11:31:00"
    }
},
{
    "model": "courses.lesson",
    "pk": 5,
    "fields": {
        "course": 5,
        "name": "\u7b2c\u4e00\u7ae0 PHP\u5165\u95e8\u57fa\u7840\u77e5\u8bc6",
        "add_time": "2018-01-20T11:31:00"
    }
},
{
    "model": "courses.lesson",
    "pk": 16,
    "fields": {
        "course": 6,
        "name": "\u7b2c\u4e00\u7ae0 JavaScript\u5165\u95e8\u57fa\u7840\u77e5\u8bc6",
        "add_time": "2018-01-20T11:31:00"
    }
},
{
    "model": "courses.lesson",
    "pk": 17,
    "fields": {
        "course": 7,
        "name": "\u7b2c\u4e00\u7ae0 python\u5b9e\u8df5\u57fa\u7840\u77e5\u8bc6",
        "add_time": "2018-01-20T11:31:00"
    }
},
{
    "model": "courses.lesson",
    "pk": 18,
    "fields": {
        "course": 8,
        "name": "\u7b2c\u4e00\u7ae0 django\u8fdb\u9636\u57fa\u7840\u77e5\u8bc6",
        "add_time": "2018-01-20T11:31:00"
    }
},
{
    "model": "courses.lesson",
    "pk": 19,
    "fields": {
        "course": 9,
        "name": "\u7b2c\u4e00\u7ae0 jQuery\u5165\u95e8\u57fa\u7840\u77e5\u8bc6",
        "add_time": "2018-01-20T11:31:00"
    }
},
{
    "model": "courses.lesson",
    "pk": 20,
    "fields": {
        "course": 10,
        "name": "\u7b2c\u4e00\u7ae0 PHP\u8fdb\u9636\u57fa\u7840\u77e5\u8bc6",
        "add_time": "2018-01-20T11:31:00"
    }
},
{
    "model": "courses.lesson",
    "pk": 21,
    "fields": {
        "course": 11,
        "name": "\u7b2c\u4e00\u7ae0 Django\u9ad8\u7ea7\u57fa\u7840\u77e5\u8bc6",
        "add_time": "2018-01-20T11:31:00"
    }
},
{
    "model": "courses.lesson",
    "pk": 22,
    "fields": {
        "course": 12,
        "name": "\u7b2c\u4e00\u7ae0 Django\u5b9e\u8df5\u57fa\u7840\u77e5\u8bc6",
        "add_time": "2018-01-20T11:31:00"
    }
},
{
    "model": "courses.lesson",
    "pk": 26,
    "fields": {
        "course": 1,
        "name": "\u7b2c\u4e8c\u7ae0 python\u5165\u95e8\u8fdb\u9636\u5f00\u53d1",
        "add_time": "2018-01-20T11:35:00"
    }
},
{
    "model": "courses.video",
    "pk": 1,
    "fields": {
        "lesson": 1,
        "name": "1.1 helloworld",
        "add_time": "2018-01-20T11:43:00",
        "url": "http://p2vwzyf39.bkt.clouddn.com/intro.mp4?attname=&e=1516505723&token=1IlGv_ZbHLBmuBpcfQVKUjYUxM-X9yr980i6iTul:OzFJgYGl3F7yLobskYJ07iMKXOA",
        "learn_times": 0
    }
},
{
    "model": "courses.video",
    "pk": 2,
    "fields": {
        "lesson": 1,
        "name": "1.2 \u57fa\u672c\u6982\u5ff5",
        "add_time": "2018-01-20T11:47:00",
        "url": "http://p2vwzyf39.bkt.clouddn.com/intro.mp4?attname=&e=1516505723&token=1IlGv_ZbHLBmuBpcfQVKUjYUxM-X9yr980i6iTul:OzFJgYGl3F7yLobskYJ07iMKXOA",
        "learn_times": 0
    }
},
{
    "model": "courses.video",
    "pk": 3,
    "fields": {
        "lesson": 26,
        "name": "2.1 test",
        "add_time": "2018-01-20T11:47:00",
        "url": "http://p2vwzyf39.bkt.clouddn.com/intro.mp4?attname=&e=1516505723&token=1IlGv_ZbHLBmuBpcfQVKUjYUxM-X9yr980i6iTul:OzFJgYGl3F7yLobskYJ07iMKXOA",
        "learn_times": 0
    }
},
{
    "model": "courses.video",
    "pk": 4,
    "fields": {
        "lesson": 26,
        "name": "2.2 test",
        "add_time": "2018-01-20T11:48:00",
        "url": "http://p2vwzyf39.bkt.clouddn.com/intro.mp4?attname=&e=1516505723&token=1IlGv_ZbHLBmuBpcfQVKUjYUxM-X9yr980i6iTul:OzFJgYGl3F7yLobskYJ07iMKXOA",
        "learn_times": 0
    }
},
{
    "model": "courses.video",
    "pk": 5,
    "fields": {
        "lesson": 16,
        "name": "1.1 helloworld",
        "add_time": "2018-01-21T11:39:00",
        "url": "http://p2vwzyf39.bkt.clouddn.com/intro.mp4?attname=&e=1516505723&token=1IlGv_ZbHLBmuBpcfQVKUjYUxM-X9yr980i6iTul:OzFJgYGl3F7yLobskYJ07iMKXOA",
        "learn_times": 0
    }
},
{
    "model": "courses.courseresource",
    "pk": 1,
    "fields": {
        "course": 1,
        "name": "\u524d\u7aef\u9875\u9762",
        "add_time": "2018-01-20T12:49:00",
        "download": "course/resource/2018/01/\u5c0f\u91d1.png"
    }
},
{
    "model": "operation.coursecomments",
    "pk": 1,
    "fields": {
        "user": [
            "apolo"
        ],
        "course": 1,
        "comments": "we",
        "add_time": "2018-01-20T16:33:08.159"
    }
},
{
    "model": "operation.coursecomments",
    "pk": 2,
    "fields": {
        "user": [
            "apolo"
        ],
        "course": 1,
        "comments": "we",
        "add_time": "2018-01-20T16:33:39.016"
    }
},
{
    "model": "operation.coursecomments",
    "pk": 3,
    "fields": {
        "user": [
            "apolo"
        ],
        "course": 1,
        "comments": "we",
        "add_time": "2018-01-20T16:34:31.698"
    }
},
{
    "model": "operation.coursecomments",
    "pk": 4,
    "fields": {
        "user": [
            "apolo"
        ],
        "course": 1,
        "comments": "we",
        "add_time": "2018-01-20T16:34:37.331"
    }
},
{
    "model": "operation.coursecomments",
    "pk": 5,
    "fields": {
        "user": [
            "apolo"
        ],
        "course": 1,
        "comments": "23",
        "add_time": "2018-01-20T16:35:27.179"
    }
},
{
    "model": "operation.coursecomments",
    "pk": 6,
    "fields": {
        "user": [
            "apolo"
        ],
        "course": 6,
        "comments": "2",
        "add_time": "2018-01-21T07:26:27.587"
    }
},
{
    "model": "operation.userfavorite",
    "pk": 17,
    "fields": {
        "user": [
            "apolo"
        ],
        "fav_id": 12,
        "fav_type": "1",
        "add_time": "2018-01-19T12:23:04.080"
    }
},
{
    "model": "operation.userfavorite",
    "pk": 19,
    "fields": {
        "user": [
            "apolo"
        ],
        "fav_id": 12,
        "fav_type": "2",
        "add_time": "2018-01-19T12:23:06.599"
    }
},
{
    "model": "operation.userfavorite",
    "pk": 23,
    "fields": {
        "user": [
            "apolo"
        ],
        "fav_id": 11,
        "fav_type": "2",
        "add_time": "2018-01-19T12:36:11.910"
    }
},
{
    "model": "operation.userfavorite",
    "pk": 24,
    "fields": {
        "user": [
            "apolo"
        ],
        "fav_id": 11,
        "fav_type": "1",
        "add_time": "2018-01-19T12:36:13.218"
    }
},
{
    "model": "operation.userfavorite",
    "pk": 37,
    "fields": {
        "user": [
            "apolo"
        ],
        "fav_id": 3,
        "fav_type": "3",
        "add_time": "2018-01-31T18:06:56.708"
    }
},
{
    "model": "operation.userfavorite",
    "pk": 38,
    "fields": {
        "user": [
            "apolo"
        ],
        "fav_id": 1,
        "fav_type": "2",
        "add_time": "2018-02-03T20:36:20.658"
    }
},
{
    "model": "operation.userfavorite",
    "pk": 39,
    "fields": {
        "user": [
            "apolo"
        ],
        "fav_id": 1,
        "fav_type": "1",
        "add_time": "2018-02-03T20:36:28.181"
    }
},
{
    "model": "operation.userfavorite",
    "pk": 40,
    "fields": {
        "user": [
            "apolo"
        ],
        "fav_id": 1,
        "fav_type": "3",
        "add_time": "2018-02-03T20:37:03.329"
    }
},
{
    "model": "operation.usermessage",
    "pk": 1,
    "fields": {
        "user": 1,
        "message": "test",
        "add_time": "2018-02-03T18:42:00",
        "has_read": true
    }
},
{
    "model": "operation.usermessage",
    "pk": 2,
    "fields": {
        "user": 1,
        "message": "test",
        "add_time": "2018-02-03T18:42:00",
        "has_read": true
    }
},
{
    "model": "operation.usermessage",
    "pk": 3,
    "fields": {
        "user": 1,
        "message": "test",
        "add_time": "2018-02-03T18:42:00",
        "has_read": true
    }
},
{
    "model": "operation.usermessage",
    "pk": 4,
    "fields": {
        "user": 1,
        "message": "test",
        "add_time": "2018-02-03T18:43:00",
        "has_read": true
    }
},
{
    "model": "operation.usermessage",
    "pk": 5,
    "fields": {
        "user": 1,
        "message": "test",
        "add_time": "2018-02-03T18:43:00",
        "has_read": true
    }
},
{
    "model": "operation.usermessage",
    "pk": 6,
    "fields": {
        "user": 1,
        "message": "test",
        "add_time": "2018-02-03T18:43:00",
        "has_read": true
    }
},
{
    "model": "operation.usercourse",
    "pk": 1,
    "fields": {
        "user": [
            "apolo1"
        ],
        "course": 11,
        "add_time": "2018-01-19T01:56:00"
    }
},
{
    "model": "operation.usercourse",
    "pk": 2,
    "fields": {
        "user": [
            "apolo1"
        ],
        "course": 1,
        "add_time": "2018-01-19T01:56:00"
    }
},
{
    "model": "operation.usercourse",
    "pk": 3,
    "fields": {
        "user": [
            "apolo"
        ],
        "course": 5,
        "add_time": "2018-01-19T01:57:00"
    }
},
{
    "model": "operation.usercourse",
    "pk": 4,
    "fields": {
        "user": [
            "apolo"
        ],
        "course": 9,
        "add_time": "2018-01-19T01:57:00"
    }
},
{
    "model": "operation.usercourse",
    "pk": 5,
    "fields": {
        "user": [
            "apolo"
        ],
        "course": 12,
        "add_time": "2018-01-21T05:18:33.847"
    }
},
{
    "model": "operation.usercourse",
    "pk": 6,
    "fields": {
        "user": [
            "apolo"
        ],
        "course": 6,
        "add_time": "2018-01-21T07:10:00.558"
    }
},
{
    "model": "operation.usercourse",
    "pk": 32,
    "fields": {
        "user": [
            "apolo"
        ],
        "course": 1,
        "add_time": "2018-01-21T11:23:30.378"
    }
},
{
    "model": "operation.usercourse",
    "pk": 39,
    "fields": {
        "user": [
            "apolo"
        ],
        "course": 7,
        "add_time": "2018-01-21T13:19:41.190"
    }
},
{
    "model": "operation.usercourse",
    "pk": 40,
    "fields": {
        "user": [
            "apolo"
        ],
        "course": 8,
        "add_time": "2018-01-21T13:20:03.240"
    }
},
{
    "model": "organization.citydict",
    "pk": 1,
    "fields": {
        "name": "\u5317\u4eac\u5e02",
        "desc": "\u5317\u4eac\u5e02",
        "add_time": "2018-01-19T01:33:00"
    }
},
{
    "model": "organization.citydict",
    "pk": 2,
    "fields": {
        "name": "\u5929\u6d25\u5e02",
        "desc": "\u5929\u6d25\u5e02",
        "add_time": "2018-01-19T01:33:00"
    }
},
{
    "model": "organization.citydict",
    "pk": 3,
    "fields": {
        "name": "\u4e0a\u6d77\u5e02",
        "desc": "\u4e0a\u6d77\u5e02",
        "add_time": "2018-01-19T01:33:00"
    }
},
{
    "model": "organization.citydict",
    "pk": 4,
    "fields": {
        "name": "\u6df1\u5733\u5e02",
        "desc": "\u6df1\u5733\u5e02",
        "add_time": "2018-01-19T01:34:00"
    }
},
{
    "model": "organization.courseorg",
    "pk": 1,
    "fields": {
        "name": "\u5c0f\u5b66\u751f\u5728\u7ebf",
        "desc": "\u5c0f\u5b66\u751f\u5728\u7ebf",
        "click_num": 20,
        "fav_nums": 11,
        "image": "org/2018/01/\u5c0f\u5b66\u50e7\u5728\u7ebf\u7f51.png",
        "address": "\u5317\u4eac\u5e02",
        "add_time": "2018-01-19T01:34:00",
        "city": 1,
        "category": "public",
        "tag": "\u5168\u56fd\u77e5\u540d",
        "students": 1,
        "course_nums": 1
    }
},
{
    "model": "organization.courseorg",
    "pk": 2,
    "fields": {
        "name": "\u5c0f\u5b66\u751f\u5728\u7ebf2\u73ed",
        "desc": "\u5c0f\u5b66\u751f\u5728\u7ebf2\u73ed",
        "click_num": 13,
        "fav_nums": 10,
        "image": "org/2018/01/\u5c0f\u5b66\u50e7\u5728\u7ebf\u7f51_HdNpiSE.png",
        "address": "\u5317\u4eac\u5e02",
        "add_time": "2018-01-19T01:35:00",
        "city": 1,
        "category": "public",
        "tag": "\u5168\u56fd\u77e5\u540d",
        "students": 1,
        "course_nums": 1
    }
},
{
    "model": "organization.courseorg",
    "pk": 3,
    "fields": {
        "name": "\u5c0f\u5b66\u751f\u5728\u7ebf3\u73ed",
        "desc": "\u5c0f\u5b66\u751f\u5728\u7ebf3\u73ed",
        "click_num": 16,
        "fav_nums": 10,
        "image": "org/2018/01/\u5c0f\u5b66\u50e7\u5728\u7ebf\u7f51_PRPXo67.png",
        "address": "\u5317\u4eac\u5e02",
        "add_time": "2018-01-19T01:35:00",
        "city": 1,
        "category": "public",
        "tag": "\u5168\u56fd\u77e5\u540d",
        "students": 1,
        "course_nums": 1
    }
},
{
    "model": "organization.courseorg",
    "pk": 4,
    "fields": {
        "name": "\u5b66\u524d\u73ed\u5728\u7ebf\u7f51",
        "desc": "\u5b66\u524d\u73ed\u5728\u7ebf\u7f51",
        "click_num": 10,
        "fav_nums": 10,
        "image": "org/2018/01/\u5b66\u524d\u73ed\u5728\u7ebf\u7f51_cSl8gwI.png",
        "address": "\u4e0a\u6d77\u5e02",
        "add_time": "2018-01-19T01:35:00",
        "city": 3,
        "category": "public",
        "tag": "\u5168\u56fd\u77e5\u540d",
        "students": 1,
        "course_nums": 1
    }
},
{
    "model": "organization.courseorg",
    "pk": 5,
    "fields": {
        "name": "\u5b66\u524d\u73ed\u5728\u7ebf\u7f512\u73ed",
        "desc": "\u5b66\u524d\u73ed\u5728\u7ebf\u7f512\u73ed",
        "click_num": 10,
        "fav_nums": 10,
        "image": "org/2018/01/\u5b66\u524d\u73ed\u5728\u7ebf\u7f51_GpvxVir.png",
        "address": "\u4e0a\u6d77\u5e02",
        "add_time": "2018-01-19T01:36:00",
        "city": 3,
        "category": "public",
        "tag": "\u5168\u56fd\u77e5\u540d",
        "students": 1,
        "course_nums": 1
    }
},
{
    "model": "organization.courseorg",
    "pk": 6,
    "fields": {
        "name": "\u5b66\u524d\u73ed\u5728\u7ebf\u7f513\u73ed",
        "desc": "\u5b66\u524d\u73ed\u5728\u7ebf\u7f513\u73ed",
        "click_num": 10,
        "fav_nums": 10,
        "image": "org/2018/01/\u5b66\u524d\u73ed\u5728\u7ebf\u7f51_JpJ1kDw.png",
        "address": "\u4e0a\u6d77\u5e02",
        "add_time": "2018-01-19T01:36:00",
        "city": 3,
        "category": "public",
        "tag": "\u5168\u56fd\u77e5\u540d",
        "students": 1,
        "course_nums": 1
    }
},
{
    "model": "organization.courseorg",
    "pk": 7,
    "fields": {
        "name": "\u6258\u513f\u6240\u5728\u7ebf\u7f51",
        "desc": "\u6258\u513f\u6240\u5728\u7ebf\u7f51",
        "click_num": 10,
        "fav_nums": 10,
        "image": "org/2018/01/\u6258\u513f\u6240\u5728\u7ebf\u7f51_tXh1GV3.png",
        "address": "\u5929\u6d25\u5e02",
        "add_time": "2018-01-19T01:36:00",
        "city": 2,
        "category": "public",
        "tag": "\u5168\u56fd\u77e5\u540d",
        "students": 1,
        "course_nums": 1
    }
},
{
    "model": "organization.courseorg",
    "pk": 8,
    "fields": {
        "name": "\u6258\u513f\u6240\u5728\u7ebf\u7f512\u73ed",
        "desc": "\u6258\u513f\u6240\u5728\u7ebf\u7f512\u73ed",
        "click_num": 10,
        "fav_nums": 10,
        "image": "org/2018/01/\u6258\u513f\u6240\u5728\u7ebf\u7f51.png",
        "address": "\u5929\u6d25\u5e02",
        "add_time": "2018-01-19T01:37:00",
        "city": 2,
        "category": "public",
        "tag": "\u5168\u56fd\u77e5\u540d",
        "students": 1,
        "course_nums": 1
    }
},
{
    "model": "organization.courseorg",
    "pk": 9,
    "fields": {
        "name": "\u6258\u513f\u6240\u5728\u7ebf\u7f513\u73ed",
        "desc": "\u6258\u513f\u6240\u5728\u7ebf\u7f513\u73ed",
        "click_num": 10,
        "fav_nums": 10,
        "image": "org/2018/01/\u6258\u513f\u6240\u5728\u7ebf\u7f51_YLAqSMP.png",
        "address": "\u5929\u6d25\u5e02",
        "add_time": "2018-01-19T01:37:00",
        "city": 2,
        "category": "public",
        "tag": "\u5168\u56fd\u77e5\u540d",
        "students": 1,
        "course_nums": 1
    }
},
{
    "model": "organization.courseorg",
    "pk": 10,
    "fields": {
        "name": "\u5e7c\u513f\u56ed\u5728\u7ebf",
        "desc": "\u5e7c\u513f\u56ed\u5728\u7ebf",
        "click_num": 10,
        "fav_nums": 10,
        "image": "org/2018/01/\u5e7c\u513f\u56ed\u5728\u7ebf\u7f51_xgKNe48.png",
        "address": "\u6df1\u5733\u5e02",
        "add_time": "2018-01-19T01:38:00",
        "city": 4,
        "category": "public",
        "tag": "\u5168\u56fd\u77e5\u540d",
        "students": 10,
        "course_nums": 0
    }
},
{
    "model": "organization.courseorg",
    "pk": 11,
    "fields": {
        "name": "\u5e7c\u513f\u56ed\u5728\u7ebf2\u73ed",
        "desc": "\u5e7c\u513f\u56ed\u5728\u7ebf2\u73ed",
        "click_num": 10,
        "fav_nums": 10,
        "image": "org/2018/01/\u5e7c\u513f\u56ed\u5728\u7ebf\u7f51_muMtICz.png",
        "address": "\u6df1\u5733\u5e02",
        "add_time": "2018-01-19T01:38:00",
        "city": 4,
        "category": "public",
        "tag": "\u5168\u56fd\u77e5\u540d",
        "students": 10,
        "course_nums": 0
    }
},
{
    "model": "organization.courseorg",
    "pk": 12,
    "fields": {
        "name": "\u5e7c\u513f\u56ed\u5728\u7ebf3\u73ed",
        "desc": "\u5e7c\u513f\u56ed\u5728\u7ebf3\u73ed",
        "click_num": 10,
        "fav_nums": 10,
        "image": "org/2018/01/\u5e7c\u513f\u56ed\u5728\u7ebf\u7f51_W3mGnbk.png",
        "address": "\u6df1\u5733\u5e02",
        "add_time": "2018-01-19T01:39:00",
        "city": 4,
        "category": "private",
        "tag": "\u5168\u56fd\u77e5\u540d",
        "students": 10,
        "course_nums": 0
    }
},
{
    "model": "organization.courseorg",
    "pk": 13,
    "fields": {
        "name": "\u5b66\u524d\u73ed\u5728\u7ebf\u7f514\u73ed",
        "desc": "\u5b66\u524d\u73ed\u5728\u7ebf\u7f514\u73ed",
        "click_num": 10,
        "fav_nums": 10,
        "image": "org/2018/02/\u5b66\u524d\u73ed\u5728\u7ebf\u7f51.png",
        "address": "\u4e0a\u6d77\u5e02",
        "add_time": "2018-02-03T21:25:00",
        "city": 3,
        "category": "public",
        "tag": "\u5168\u56fd\u77e5\u540d",
        "students": 10,
        "course_nums": 0
    }
},
{
    "model": "organization.courseorg",
    "pk": 14,
    "fields": {
        "name": "\u5b66\u524d\u73ed\u5728\u7ebf\u7f515\u73ed",
        "desc": "\u5b66\u524d\u73ed\u5728\u7ebf\u7f515\u73ed",
        "click_num": 10,
        "fav_nums": 10,
        "image": "org/2018/02/\u5b66\u524d\u73ed\u5728\u7ebf\u7f51_jqavZzl.png",
        "address": "\u4e0a\u6d77\u5e02",
        "add_time": "2018-02-03T21:26:00",
        "city": 3,
        "category": "public",
        "tag": "\u5168\u56fd\u77e5\u540d",
        "students": 10,
        "course_nums": 0
    }
},
{
    "model": "organization.courseorg",
    "pk": 15,
    "fields": {
        "name": "\u5b66\u524d\u73ed\u5728\u7ebf\u7f516\u73ed",
        "desc": "\u5b66\u524d\u73ed\u5728\u7ebf\u7f516\u73ed",
        "click_num": 10,
        "fav_nums": 10,
        "image": "org/2018/02/\u5b66\u524d\u73ed\u5728\u7ebf\u7f51_fbEGgUh.png",
        "address": "\u4e0a\u6d77\u5e02",
        "add_time": "2018-02-03T21:26:00",
        "city": 3,
        "category": "public",
        "tag": "\u5168\u56fd\u77e5\u540d",
        "students": 10,
        "course_nums": 0
    }
},
{
    "model": "organization.teacher",
    "pk": 1,
    "fields": {
        "org": 1,
        "name": "apolo",
        "work_years": 10,
        "age": 18,
        "work_company": "\u5c0f\u5b66\u751f\u5728\u7ebf",
        "position": "\u6559\u5e08",
        "points": "\u6d3b\u6cfc\u70ed\u60c5",
        "click_num": 207,
        "fav_nums": 11,
        "image": "org/teacher/2018/01/\u7ad9\u957f\u963f\u6ce2\u7f57_k9NgcaS.jpeg",
        "add_time": "2018-01-19T01:39:00"
    }
},
{
    "model": "organization.teacher",
    "pk": 2,
    "fields": {
        "org": 2,
        "name": "\u5c0f\u91d11",
        "work_years": 10,
        "age": 18,
        "work_company": "\u5c0f\u5b66\u751f\u5728\u7ebf2\u73ed",
        "position": "\u6559\u5e08",
        "points": "\u6d3b\u6cfc\u70ed\u60c5",
        "click_num": 90,
        "fav_nums": 10,
        "image": "org/teacher/2018/01/\u5c0f\u91d1_mw8eAl9.png",
        "add_time": "2018-01-19T01:39:00"
    }
},
{
    "model": "organization.teacher",
    "pk": 3,
    "fields": {
        "org": 3,
        "name": "\u5c0f\u91d12",
        "work_years": 10,
        "age": 18,
        "work_company": "\u5c0f\u5b66\u751f\u5728\u7ebf3\u73ed",
        "position": "\u6559\u5e08",
        "points": "\u6d3b\u6cfc\u70ed\u60c5",
        "click_num": 96,
        "fav_nums": 10,
        "image": "org/teacher/2018/01/\u5c0f\u91d1_Bk1pqoL.png",
        "add_time": "2018-01-19T01:40:00"
    }
},
{
    "model": "organization.teacher",
    "pk": 4,
    "fields": {
        "org": 4,
        "name": "\u5c0f\u84281",
        "work_years": 10,
        "age": 18,
        "work_company": "\u5b66\u524d\u73ed\u5728\u7ebf",
        "position": "\u6559\u5e08",
        "points": "\u6d3b\u6cfc\u70ed\u60c5",
        "click_num": 101,
        "fav_nums": 10,
        "image": "org/teacher/2018/01/\u5c0f\u8428\u6469_PTWxpMr.jpg",
        "add_time": "2018-01-19T01:40:00"
    }
},
{
    "model": "organization.teacher",
    "pk": 5,
    "fields": {
        "org": 5,
        "name": "\u5c0f\u84282",
        "work_years": 10,
        "age": 18,
        "work_company": "\u5b66\u524d\u73ed\u5728\u7ebf2\u73ed",
        "position": "\u6559\u5e08",
        "points": "\u6d3b\u6cfc\u70ed\u60c5",
        "click_num": 80,
        "fav_nums": 10,
        "image": "org/teacher/2018/01/\u5c0f\u8428\u6469_PYJaRwx.jpg",
        "add_time": "2018-01-19T01:41:00"
    }
},
{
    "model": "organization.teacher",
    "pk": 6,
    "fields": {
        "org": 6,
        "name": "\u5c0f\u84283",
        "work_years": 10,
        "age": 18,
        "work_company": "\u5b66\u524d\u73ed\u5728\u7ebf3\u73ed",
        "position": "\u6559\u5e08",
        "points": "\u6d3b\u6cfc\u70ed\u60c5",
        "click_num": 90,
        "fav_nums": 10,
        "image": "org/teacher/2018/01/\u5c0f\u8428\u6469_q7zrWCb.jpg",
        "add_time": "2018-01-19T01:41:00"
    }
},
{
    "model": "organization.teacher",
    "pk": 7,
    "fields": {
        "org": 7,
        "name": "\u5c0f\u54c81",
        "work_years": 10,
        "age": 18,
        "work_company": "\u6258\u513f\u6240\u5728\u7ebf\u7f51",
        "position": "\u6559\u5e08",
        "points": "\u6d3b\u6cfc\u70ed\u60c5",
        "click_num": 102,
        "fav_nums": 10,
        "image": "org/teacher/2018/01/\u5c0f\u54c8.png",
        "add_time": "2018-01-19T01:41:00"
    }
},
{
    "model": "organization.teacher",
    "pk": 8,
    "fields": {
        "org": 8,
        "name": "\u5c0f\u54c82",
        "work_years": 10,
        "age": 18,
        "work_company": "\u6258\u513f\u6240\u5728\u7ebf\u7f512\u73ed",
        "position": "\u6559\u5e08",
        "points": "\u6d3b\u6cfc\u70ed\u60c5",
        "click_num": 103,
        "fav_nums": 10,
        "image": "org/teacher/2018/01/\u5c0f\u54c8_wCn8gH9.png",
        "add_time": "2018-01-19T01:41:00"
    }
},
{
    "model": "organization.teacher",
    "pk": 9,
    "fields": {
        "org": 9,
        "name": "\u5c0f\u54c83",
        "work_years": 10,
        "age": 18,
        "work_company": "\u6258\u513f\u6240\u5728\u7ebf\u7f513\u73ed",
        "position": "\u6559\u5e08",
        "points": "\u6d3b\u6cfc\u70ed\u60c5",
        "click_num": 60,
        "fav_nums": 10,
        "image": "org/teacher/2018/01/\u5c0f\u54c8_PykI9IS.png",
        "add_time": "2018-01-19T01:41:00"
    }
},
{
    "model": "organization.teacher",
    "pk": 10,
    "fields": {
        "org": 10,
        "name": "\u5c0f\u54c84",
        "work_years": 10,
        "age": 18,
        "work_company": "\u5e7c\u513f\u56ed\u5728\u7ebf\u7f51",
        "position": "\u6559\u5e08",
        "points": "\u6d3b\u6cfc\u70ed\u60c5",
        "click_num": 70,
        "fav_nums": 10,
        "image": "org/teacher/2018/01/\u5c0f\u91d1_PX4p3Nr.png",
        "add_time": "2018-01-19T01:41:00"
    }
},
{
    "model": "organization.teacher",
    "pk": 11,
    "fields": {
        "org": 11,
        "name": "\u5c0f\u54c85",
        "work_years": 10,
        "age": 18,
        "work_company": "\u5e7c\u513f\u56ed\u5728\u7ebf\u7f512\u73ed",
        "position": "\u6559\u5e08",
        "points": "\u6d3b\u6cfc\u70ed\u60c5",
        "click_num": 99,
        "fav_nums": 10,
        "image": "org/teacher/2018/01/\u5c0f\u91d1_KjBXRZS.png",
        "add_time": "2018-01-19T01:42:00"
    }
},
{
    "model": "organization.teacher",
    "pk": 12,
    "fields": {
        "org": 12,
        "name": "\u5c0f\u54c86",
        "work_years": 10,
        "age": 18,
        "work_company": "\u5e7c\u513f\u56ed\u5728\u7ebf\u7f513\u73ed",
        "position": "\u6559\u5e08",
        "points": "\u6d3b\u6cfc\u70ed\u60c5",
        "click_num": 100,
        "fav_nums": 10,
        "image": "org/teacher/2018/01/\u5c0f\u91d1_UNcVd8S.png",
        "add_time": "2018-01-19T01:42:00"
    }
},
{
    "model": "xadmin.usersettings",
    "pk": 1,
    "fields": {
        "user": [
            "apolo"
        ],
        "key": "dashboard:home:pos",
        "value": ""
    }
},
{
    "model": "xadmin.log",
    "pk": 1,
    "fields": {
        "action_time": "2018-01-19T01:32:51.230",
        "user": [
            "apolo"
        ],
        "ip_addr": "127.0.0.1",
        "content_type": [
            "sessions",
            "session"
        ],
        "object_id": "2",
        "object_repr": "apolo1",
        "action_flag": "create",
        "message": "\u5df2\u6dfb\u52a0\u3002"
    }
},
{
    "model": "xadmin.log",
    "pk": 2,
    "fields": {
        "action_time": "2018-01-19T01:33:13.338",
        "user": [
            "apolo"
        ],
        "ip_addr": "127.0.0.1",
        "content_type": [
            "sessions",
            "session"
        ],
        "object_id": "3",
        "object_repr": "apolo2",
        "action_flag": "create",
        "message": "\u5df2\u6dfb\u52a0\u3002"
    }
},
{
    "model": "xadmin.log",
    "pk": 3,
    "fields": {
        "action_time": "2018-01-19T01:33:42.296",
        "user": [
            "apolo"
        ],
        "ip_addr": "127.0.0.1",
        "content_type": [
            "operation",
            "usercourse"
        ],
        "object_id": "1",
        "object_repr": "\u5317\u4eac\u5e02",
        "action_flag": "create",
        "message": "\u5df2\u6dfb\u52a0\u3002"
    }
},
{
    "model": "xadmin.log",
    "pk": 4,
    "fields": {
        "action_time": "2018-01-19T01:33:54.646",
        "user": [
            "apolo"
        ],
        "ip_addr": "127.0.0.1",
        "content_type": [
            "operation",
            "usercourse"
        ],
        "object_id": "2",
        "object_repr": "\u5929\u6d25\u5e02",
        "action_flag": "create",
        "message": "\u5df2\u6dfb\u52a0\u3002"
    }
},
{
    "model": "xadmin.log",
    "pk": 5,
    "fields": {
        "action_time": "2018-01-19T01:34:02.117",
        "user": [
            "apolo"
        ],
        "ip_addr": "127.0.0.1",
        "content_type": [
            "operation",
            "usercourse"
        ],
        "object_id": "3",
        "object_repr": "\u4e0a\u6d77\u5e02",
        "action_flag": "create",
        "message": "\u5df2\u6dfb\u52a0\u3002"
    }
},
{
    "model": "xadmin.log",
    "pk": 6,
    "fields": {
        "action_time": "2018-01-19T01:34:16.106",
        "user": [
            "apolo"
        ],
        "ip_addr": "127.0.0.1",
        "content_type": [
            "operation",
            "usercourse"
        ],
        "object_id": "4",
        "object_repr": "\u6df1\u5733\u5e02",
        "action_flag": "create",
        "message": "\u5df2\u6dfb\u52a0\u3002"
    }
},
{
    "model": "xadmin.log",
    "pk": 7,
    "fields": {
        "action_time": "2018-01-19T01:35:15.146",
        "user": [
            "apolo"
        ],
        "ip_addr": "127.0.0.1",
        "content_type": [
            "organization",
            "citydict"
        ],
        "object_id": "1",
        "object_repr": "\u5c0f\u5b66\u50e7\u5728\u7ebf",
        "action_flag": "create",
        "message": "\u5df2\u6dfb\u52a0\u3002"
    }
},
{
    "model": "xadmin.log",
    "pk": 8,
    "fields": {
        "action_time": "2018-01-19T01:35:34.670",
        "user": [
            "apolo"
        ],
        "ip_addr": "127.0.0.1",
        "content_type": [
            "organization",
            "citydict"
        ],
        "object_id": "2",
        "object_repr": "\u5c0f\u5b66\u50e7\u5728\u7ebf2\u73ed",
        "action_flag": "create",
        "message": "\u5df2\u6dfb\u52a0\u3002"
    }
},
{
    "model": "xadmin.log",
    "pk": 9,
    "fields": {
        "action_time": "2018-01-19T01:35:43.956",
        "user": [
            "apolo"
        ],
        "ip_addr": "127.0.0.1",
        "content_type": [
            "organization",
            "citydict"
        ],
        "object_id": "3",
        "object_repr": "\u5c0f\u5b66\u50e7\u5728\u7ebf3\u73ed",
        "action_flag": "create",
        "message": "\u5df2\u6dfb\u52a0\u3002"
    }
},
{
    "model": "xadmin.log",
    "pk": 10,
    "fields": {
        "action_time": "2018-01-19T01:36:22.448",
        "user": [
            "apolo"
        ],
        "ip_addr": "127.0.0.1",
        "content_type": [
            "organization",
            "citydict"
        ],
        "object_id": "4",
        "object_repr": "\u5b66\u524d\u73ed\u5728\u7ebf\u7f51",
        "action_flag": "create",
        "message": "\u5df2\u6dfb\u52a0\u3002"
    }
},
{
    "model": "xadmin.log",
    "pk": 11,
    "fields": {
        "action_time": "2018-01-19T01:36:35.233",
        "user": [
            "apolo"
        ],
        "ip_addr": "127.0.0.1",
        "content_type": [
            "organization",
            "citydict"
        ],
        "object_id": "5",
        "object_repr": "\u5b66\u524d\u73ed\u5728\u7ebf\u7f512\u73ed",
        "action_flag": "create",
        "message": "\u5df2\u6dfb\u52a0\u3002"
    }
},
{
    "model": "xadmin.log",
    "pk": 12,
    "fields": {
        "action_time": "2018-01-19T01:36:46.947",
        "user": [
            "apolo"
        ],
        "ip_addr": "127.0.0.1",
        "content_type": [
            "organization",
            "citydict"
        ],
        "object_id": "6",
        "object_repr": "\u5b66\u524d\u73ed\u5728\u7ebf\u7f513\u73ed",
        "action_flag": "create",
        "message": "\u5df2\u6dfb\u52a0\u3002"
    }
},
{
    "model": "xadmin.log",
    "pk": 13,
    "fields": {
        "action_time": "2018-01-19T01:37:10.253",
        "user": [
            "apolo"
        ],
        "ip_addr": "127.0.0.1",
        "content_type": [
            "organization",
            "citydict"
        ],
        "object_id": "7",
        "object_repr": "\u6258\u513f\u6240\u5728\u7ebf\u7f51",
        "action_flag": "create",
        "message": "\u5df2\u6dfb\u52a0\u3002"
    }
},
{
    "model": "xadmin.log",
    "pk": 14,
    "fields": {
        "action_time": "2018-01-19T01:37:42.060",
        "user": [
            "apolo"
        ],
        "ip_addr": "127.0.0.1",
        "content_type": [
            "organization",
            "citydict"
        ],
        "object_id": "8",
        "object_repr": "\u6258\u513f\u6240\u5728\u7ebf\u7f512\u73ed",
        "action_flag": "create",
        "message": "\u5df2\u6dfb\u52a0\u3002"
    }
},
{
    "model": "xadmin.log",
    "pk": 15,
    "fields": {
        "action_time": "2018-01-19T01:37:55.386",
        "user": [
            "apolo"
        ],
        "ip_addr": "127.0.0.1",
        "content_type": [
            "organization",
            "citydict"
        ],
        "object_id": "9",
        "object_repr": "\u6258\u513f\u6240\u5728\u7ebf\u7f513\u73ed",
        "action_flag": "create",
        "message": "\u5df2\u6dfb\u52a0\u3002"
    }
},
{
    "model": "xadmin.log",
    "pk": 16,
    "fields": {
        "action_time": "2018-01-19T01:38:11.091",
        "user": [
            "apolo"
        ],
        "ip_addr": "127.0.0.1",
        "content_type": [
            "organization",
            "citydict"
        ],
        "object_id": "7",
        "object_repr": "\u6258\u513f\u6240\u5728\u7ebf\u7f51",
        "action_flag": "change",
        "message": "\u5df2\u4fee\u6539 image \u3002"
    }
},
{
    "model": "xadmin.log",
    "pk": 17,
    "fields": {
        "action_time": "2018-01-19T01:38:45.577",
        "user": [
            "apolo"
        ],
        "ip_addr": "127.0.0.1",
        "content_type": [
            "organization",
            "citydict"
        ],
        "object_id": "10",
        "object_repr": "\u5e7c\u513f\u56ed\u5728\u7ebf",
        "action_flag": "create",
        "message": "\u5df2\u6dfb\u52a0\u3002"
    }
},
{
    "model": "xadmin.log",
    "pk": 18,
    "fields": {
        "action_time": "2018-01-19T01:39:01.286",
        "user": [
            "apolo"
        ],
        "ip_addr": "127.0.0.1",
        "content_type": [
            "organization",
            "citydict"
        ],
        "object_id": "11",
        "object_repr": "\u5e7c\u513f\u56ed\u5728\u7ebf2\u73ed",
        "action_flag": "create",
        "message": "\u5df2\u6dfb\u52a0\u3002"
    }
},
{
    "model": "xadmin.log",
    "pk": 19,
    "fields": {
        "action_time": "2018-01-19T01:39:09.401",
        "user": [
            "apolo"
        ],
        "ip_addr": "127.0.0.1",
        "content_type": [
            "organization",
            "citydict"
        ],
        "object_id": "12",
        "object_repr": "\u5e7c\u513f\u56ed\u5728\u7ebf3\u73ed",
        "action_flag": "create",
        "message": "\u5df2\u6dfb\u52a0\u3002"
    }
},
{
    "model": "xadmin.log",
    "pk": 20,
    "fields": {
        "action_time": "2018-01-19T01:39:49.821",
        "user": [
            "apolo"
        ],
        "ip_addr": "127.0.0.1",
        "content_type": [
            "organization",
            "courseorg"
        ],
        "object_id": "1",
        "object_repr": "apolo",
        "action_flag": "create",
        "message": "\u5df2\u6dfb\u52a0\u3002"
    }
},
{
    "model": "xadmin.log",
    "pk": 21,
    "fields": {
        "action_time": "2018-01-19T01:40:21.914",
        "user": [
            "apolo"
        ],
        "ip_addr": "127.0.0.1",
        "content_type": [
            "organization",
            "courseorg"
        ],
        "object_id": "2",
        "object_repr": "\u5c0f\u91d1",
        "action_flag": "create",
        "message": "\u5df2\u6dfb\u52a0\u3002"
    }
},
{
    "model": "xadmin.log",
    "pk": 22,
    "fields": {
        "action_time": "2018-01-19T01:40:34.800",
        "user": [
            "apolo"
        ],
        "ip_addr": "127.0.0.1",
        "content_type": [
            "organization",
            "courseorg"
        ],
        "object_id": "3",
        "object_repr": "\u5c0f\u91d1",
        "action_flag": "create",
        "message": "\u5df2\u6dfb\u52a0\u3002"
    }
},
{
    "model": "xadmin.log",
    "pk": 23,
    "fields": {
        "action_time": "2018-01-19T01:41:05.254",
        "user": [
            "apolo"
        ],
        "ip_addr": "127.0.0.1",
        "content_type": [
            "organization",
            "courseorg"
        ],
        "object_id": "4",
        "object_repr": "\u5c0f\u8428",
        "action_flag": "create",
        "message": "\u5df2\u6dfb\u52a0\u3002"
    }
},
{
    "model": "xadmin.log",
    "pk": 24,
    "fields": {
        "action_time": "2018-01-19T01:41:10.433",
        "user": [
            "apolo"
        ],
        "ip_addr": "127.0.0.1",
        "content_type": [
            "organization",
            "courseorg"
        ],
        "object_id": "5",
        "object_repr": "\u5c0f\u8428",
        "action_flag": "create",
        "message": "\u5df2\u6dfb\u52a0\u3002"
    }
},
{
    "model": "xadmin.log",
    "pk": 25,
    "fields": {
        "action_time": "2018-01-19T01:41:21.202",
        "user": [
            "apolo"
        ],
        "ip_addr": "127.0.0.1",
        "content_type": [
            "organization",
            "courseorg"
        ],
        "object_id": "6",
        "object_repr": "\u5c0f\u8428",
        "action_flag": "create",
        "message": "\u5df2\u6dfb\u52a0\u3002"
    }
},
{
    "model": "xadmin.log",
    "pk": 26,
    "fields": {
        "action_time": "2018-01-19T01:41:44.502",
        "user": [
            "apolo"
        ],
        "ip_addr": "127.0.0.1",
        "content_type": [
            "organization",
            "courseorg"
        ],
        "object_id": "7",
        "object_repr": "\u5c0f\u54c8",
        "action_flag": "create",
        "message": "\u5df2\u6dfb\u52a0\u3002"
    }
},
{
    "model": "xadmin.log",
    "pk": 27,
    "fields": {
        "action_time": "2018-01-19T01:41:50.841",
        "user": [
            "apolo"
        ],
        "ip_addr": "127.0.0.1",
        "content_type": [
            "organization",
            "courseorg"
        ],
        "object_id": "8",
        "object_repr": "\u5c0f\u54c8",
        "action_flag": "create",
        "message": "\u5df2\u6dfb\u52a0\u3002"
    }
},
{
    "model": "xadmin.log",
    "pk": 28,
    "fields": {
        "action_time": "2018-01-19T01:41:55.783",
        "user": [
            "apolo"
        ],
        "ip_addr": "127.0.0.1",
        "content_type": [
            "organization",
            "courseorg"
        ],
        "object_id": "9",
        "object_repr": "\u5c0f\u54c8",
        "action_flag": "create",
        "message": "\u5df2\u6dfb\u52a0\u3002"
    }
},
{
    "model": "xadmin.log",
    "pk": 29,
    "fields": {
        "action_time": "2018-01-19T01:42:17.812",
        "user": [
            "apolo"
        ],
        "ip_addr": "127.0.0.1",
        "content_type": [
            "organization",
            "courseorg"
        ],
        "object_id": "10",
        "object_repr": "\u5c0f\u54c8",
        "action_flag": "create",
        "message": "\u5df2\u6dfb\u52a0\u3002"
    }
},
{
    "model": "xadmin.log",
    "pk": 30,
    "fields": {
        "action_time": "2018-01-19T01:42:28.046",
        "user": [
            "apolo"
        ],
        "ip_addr": "127.0.0.1",
        "content_type": [
            "organization",
            "courseorg"
        ],
        "object_id": "11",
        "object_repr": "\u5c0f\u54c8",
        "action_flag": "create",
        "message": "\u5df2\u6dfb\u52a0\u3002"
    }
},
{
    "model": "xadmin.log",
    "pk": 31,
    "fields": {
        "action_time": "2018-01-19T01:42:34.758",
        "user": [
            "apolo"
        ],
        "ip_addr": "127.0.0.1",
        "content_type": [
            "organization",
            "courseorg"
        ],
        "object_id": "12",
        "object_repr": "\u5c0f\u54c8",
        "action_flag": "create",
        "message": "\u5df2\u6dfb\u52a0\u3002"
    }
},
{
    "model": "xadmin.log",
    "pk": 32,
    "fields": {
        "action_time": "2018-01-19T01:42:55.867",
        "user": [
            "apolo"
        ],
        "ip_addr": "127.0.0.1",
        "content_type": [
            "organization",
            "courseorg"
        ],
        "object_id": "8",
        "object_repr": "\u5c0f\u54c8",
        "action_flag": "change",
        "message": "\u5df2\u4fee\u6539 work_company \u3002"
    }
},
{
    "model": "xadmin.log",
    "pk": 33,
    "fields": {
        "action_time": "2018-01-19T01:43:03.118",
        "user": [
            "apolo"
        ],
        "ip_addr": "127.0.0.1",
        "content_type": [
            "organization",
            "courseorg"
        ],
        "object_id": "9",
        "object_repr": "\u5c0f\u54c8",
        "action_flag": "change",
        "message": "\u5df2\u4fee\u6539 work_company \u3002"
    }
},
{
    "model": "xadmin.log",
    "pk": 34,
    "fields": {
        "action_time": "2018-01-19T01:43:09.791",
        "user": [
            "apolo"
        ],
        "ip_addr": "127.0.0.1",
        "content_type": [
            "organization",
            "courseorg"
        ],
        "object_id": "5",
        "object_repr": "\u5c0f\u8428",
        "action_flag": "change",
        "message": "\u5df2\u4fee\u6539 work_company \u3002"
    }
},
{
    "model": "xadmin.log",
    "pk": 35,
    "fields": {
        "action_time": "2018-01-19T01:44:04.508",
        "user": [
            "apolo"
        ],
        "ip_addr": "127.0.0.1",
        "content_type": [
            "sessions",
            "session"
        ],
        "object_id": "1",
        "object_repr": "apolo",
        "action_flag": "change",
        "message": "\u5df2\u4fee\u6539 last_login\uff0cfirst_name\uff0clast_name\uff0cnick_name\uff0cgender\uff0caddress \u548c image \u3002"
    }
},
{
    "model": "xadmin.log",
    "pk": 36,
    "fields": {
        "action_time": "2018-01-19T01:44:28.364",
        "user": [
            "apolo"
        ],
        "ip_addr": "127.0.0.1",
        "content_type": [
            "sessions",
            "session"
        ],
        "object_id": "2",
        "object_repr": "apolo1",
        "action_flag": "change",
        "message": "\u5df2\u4fee\u6539 nick_name\uff0cgender\uff0caddress \u548c image \u3002"
    }
},
{
    "model": "xadmin.log",
    "pk": 37,
    "fields": {
        "action_time": "2018-01-19T01:44:55.396",
        "user": [
            "apolo"
        ],
        "ip_addr": "127.0.0.1",
        "content_type": [
            "sessions",
            "session"
        ],
        "object_id": "3",
        "object_repr": "apolo2",
        "action_flag": "change",
        "message": "\u5df2\u4fee\u6539 nick_name\uff0cgender\uff0caddress \u548c image \u3002"
    }
},
{
    "model": "xadmin.log",
    "pk": 38,
    "fields": {
        "action_time": "2018-01-19T01:45:11.105",
        "user": [
            "apolo"
        ],
        "ip_addr": "127.0.0.1",
        "content_type": [
            "sessions",
            "session"
        ],
        "object_id": "1",
        "object_repr": "apolo",
        "action_flag": "change",
        "message": "\u5df2\u4fee\u6539 image \u3002"
    }
},
{
    "model": "xadmin.log",
    "pk": 39,
    "fields": {
        "action_time": "2018-01-19T01:50:22.741",
        "user": [
            "apolo"
        ],
        "ip_addr": "127.0.0.1",
        "content_type": [
            "users",
            "banner"
        ],
        "object_id": "1",
        "object_repr": "python\u5165\u95e8",
        "action_flag": "create",
        "message": "\u5df2\u6dfb\u52a0\u3002"
    }
},
{
    "model": "xadmin.log",
    "pk": 40,
    "fields": {
        "action_time": "2018-01-19T01:50:31.036",
        "user": [
            "apolo"
        ],
        "ip_addr": "127.0.0.1",
        "content_type": [
            "users",
            "banner"
        ],
        "object_id": "2",
        "object_repr": "python\u5165\u95e8",
        "action_flag": "create",
        "message": "\u5df2\u6dfb\u52a0\u3002"
    }
},
{
    "model": "xadmin.log",
    "pk": 41,
    "fields": {
        "action_time": "2018-01-19T01:50:37.891",
        "user": [
            "apolo"
        ],
        "ip_addr": "127.0.0.1",
        "content_type": [
            "users",
            "banner"
        ],
        "object_id": "3",
        "object_repr": "python\u5165\u95e8",
        "action_flag": "create",
        "message": "\u5df2\u6dfb\u52a0\u3002"
    }
},
{
    "model": "xadmin.log",
    "pk": 42,
    "fields": {
        "action_time": "2018-01-19T01:50:53.298",
        "user": [
            "apolo"
        ],
        "ip_addr": "127.0.0.1",
        "content_type": [
            "users",
            "banner"
        ],
        "object_id": "4",
        "object_repr": "python\u5165\u95e8",
        "action_flag": "create",
        "message": "\u5df2\u6dfb\u52a0\u3002"
    }
},
{
    "model": "xadmin.log",
    "pk": 43,
    "fields": {
        "action_time": "2018-01-19T01:51:03.176",
        "user": [
            "apolo"
        ],
        "ip_addr": "127.0.0.1",
        "content_type": [
            "users",
            "banner"
        ],
        "object_id": "5",
        "object_repr": "python\u5165\u95e8",
        "action_flag": "create",
        "message": "\u5df2\u6dfb\u52a0\u3002"
    }
},
{
    "model": "xadmin.log",
    "pk": 44,
    "fields": {
        "action_time": "2018-01-19T01:51:12.595",
        "user": [
            "apolo"
        ],
        "ip_addr": "127.0.0.1",
        "content_type": [
            "users",
            "banner"
        ],
        "object_id": "6",
        "object_repr": "python\u5165\u95e8",
        "action_flag": "create",
        "message": "\u5df2\u6dfb\u52a0\u3002"
    }
},
{
    "model": "xadmin.log",
    "pk": 45,
    "fields": {
        "action_time": "2018-01-19T01:51:22.353",
        "user": [
            "apolo"
        ],
        "ip_addr": "127.0.0.1",
        "content_type": [
            "users",
            "banner"
        ],
        "object_id": "7",
        "object_repr": "python\u5165\u95e8",
        "action_flag": "create",
        "message": "\u5df2\u6dfb\u52a0\u3002"
    }
},
{
    "model": "xadmin.log",
    "pk": 46,
    "fields": {
        "action_time": "2018-01-19T01:51:35.420",
        "user": [
            "apolo"
        ],
        "ip_addr": "127.0.0.1",
        "content_type": [
            "users",
            "banner"
        ],
        "object_id": "8",
        "object_repr": "python\u5165\u95e8",
        "action_flag": "create",
        "message": "\u5df2\u6dfb\u52a0\u3002"
    }
},
{
    "model": "xadmin.log",
    "pk": 47,
    "fields": {
        "action_time": "2018-01-19T01:51:45.941",
        "user": [
            "apolo"
        ],
        "ip_addr": "127.0.0.1",
        "content_type": [
            "users",
            "banner"
        ],
        "object_id": "9",
        "object_repr": "python\u5165\u95e8",
        "action_flag": "create",
        "message": "\u5df2\u6dfb\u52a0\u3002"
    }
},
{
    "model": "xadmin.log",
    "pk": 48,
    "fields": {
        "action_time": "2018-01-19T01:52:17.538",
        "user": [
            "apolo"
        ],
        "ip_addr": "127.0.0.1",
        "content_type": [
            "users",
            "banner"
        ],
        "object_id": "10",
        "object_repr": "PHP\u5165\u95e8",
        "action_flag": "create",
        "message": "\u5df2\u6dfb\u52a0\u3002"
    }
},
{
    "model": "xadmin.log",
    "pk": 49,
    "fields": {
        "action_time": "2018-01-19T01:52:47.253",
        "user": [
            "apolo"
        ],
        "ip_addr": "127.0.0.1",
        "content_type": [
            "users",
            "banner"
        ],
        "object_id": "4",
        "object_repr": "django\u5165\u95e8",
        "action_flag": "change",
        "message": "\u5df2\u4fee\u6539 name\uff0cdesc\uff0cdetail\uff0ctag \u548c category \u3002"
    }
},
{
    "model": "xadmin.log",
    "pk": 50,
    "fields": {
        "action_time": "2018-01-19T01:53:18.824",
        "user": [
            "apolo"
        ],
        "ip_addr": "127.0.0.1",
        "content_type": [
            "users",
            "banner"
        ],
        "object_id": "5",
        "object_repr": "PHP\u5165\u95e8",
        "action_flag": "change",
        "message": "\u5df2\u4fee\u6539 name\uff0cdesc\uff0cdetail\uff0ctag \u548c category \u3002"
    }
},
{
    "model": "xadmin.log",
    "pk": 51,
    "fields": {
        "action_time": "2018-01-19T01:53:38.445",
        "user": [
            "apolo"
        ],
        "ip_addr": "127.0.0.1",
        "content_type": [
            "users",
            "banner"
        ],
        "object_id": "6",
        "object_repr": "JavaScript\u5165\u95e8",
        "action_flag": "change",
        "message": "\u5df2\u4fee\u6539 name\uff0cdesc\uff0cdetail\uff0ctag \u548c category \u3002"
    }
},
{
    "model": "xadmin.log",
    "pk": 52,
    "fields": {
        "action_time": "2018-01-19T01:54:03.100",
        "user": [
            "apolo"
        ],
        "ip_addr": "127.0.0.1",
        "content_type": [
            "users",
            "banner"
        ],
        "object_id": "8",
        "object_repr": "django\u5165\u95e8",
        "action_flag": "change",
        "message": "\u5df2\u4fee\u6539 name\uff0cdesc\uff0cdetail\uff0ctag \u548c category \u3002"
    }
},
{
    "model": "xadmin.log",
    "pk": 53,
    "fields": {
        "action_time": "2018-01-19T01:54:17.692",
        "user": [
            "apolo"
        ],
        "ip_addr": "127.0.0.1",
        "content_type": [
            "users",
            "banner"
        ],
        "object_id": "9",
        "object_repr": "jQuery\u5165\u95e8",
        "action_flag": "change",
        "message": "\u5df2\u4fee\u6539 name\uff0cdesc\uff0cdetail\uff0ctag \u548c category \u3002"
    }
},
{
    "model": "xadmin.log",
    "pk": 54,
    "fields": {
        "action_time": "2018-01-19T01:55:11.076",
        "user": [
            "apolo"
        ],
        "ip_addr": "127.0.0.1",
        "content_type": [
            "users",
            "banner"
        ],
        "object_id": "11",
        "object_repr": "Django \u5165\u95e8",
        "action_flag": "create",
        "message": "\u5df2\u6dfb\u52a0\u3002"
    }
},
{
    "model": "xadmin.log",
    "pk": 55,
    "fields": {
        "action_time": "2018-01-19T01:55:31.232",
        "user": [
            "apolo"
        ],
        "ip_addr": "127.0.0.1",
        "content_type": [
            "users",
            "banner"
        ],
        "object_id": "12",
        "object_repr": "Django \u5165\u95e8",
        "action_flag": "create",
        "message": "\u5df2\u6dfb\u52a0\u3002"
    }
},
{
    "model": "xadmin.log",
    "pk": 56,
    "fields": {
        "action_time": "2018-01-19T01:56:28.462",
        "user": [
            "apolo"
        ],
        "ip_addr": "127.0.0.1",
        "content_type": [
            "operation",
            "usermessage"
        ],
        "object_id": "1",
        "object_repr": "apolo1 : Django \u5165\u95e8",
        "action_flag": "create",
        "message": "\u5df2\u6dfb\u52a0\u3002"
    }
},
{
    "model": "xadmin.log",
    "pk": 57,
    "fields": {
        "action_time": "2018-01-19T01:56:39.388",
        "user": [
            "apolo"
        ],
        "ip_addr": "127.0.0.1",
        "content_type": [
            "operation",
            "usermessage"
        ],
        "object_id": "2",
        "object_repr": "apolo1 : python\u5165\u95e8",
        "action_flag": "create",
        "message": "\u5df2\u6dfb\u52a0\u3002"
    }
},
{
    "model": "xadmin.log",
    "pk": 58,
    "fields": {
        "action_time": "2018-01-19T01:57:30.426",
        "user": [
            "apolo"
        ],
        "ip_addr": "127.0.0.1",
        "content_type": [
            "operation",
            "usermessage"
        ],
        "object_id": "3",
        "object_repr": "apolo : PHP\u5165\u95e8",
        "action_flag": "create",
        "message": "\u5df2\u6dfb\u52a0\u3002"
    }
},
{
    "model": "xadmin.log",
    "pk": 59,
    "fields": {
        "action_time": "2018-01-19T01:57:36.063",
        "user": [
            "apolo"
        ],
        "ip_addr": "127.0.0.1",
        "content_type": [
            "operation",
            "usermessage"
        ],
        "object_id": "4",
        "object_repr": "apolo : jQuery\u5165\u95e8",
        "action_flag": "create",
        "message": "\u5df2\u6dfb\u52a0\u3002"
    }
},
{
    "model": "xadmin.log",
    "pk": 60,
    "fields": {
        "action_time": "2018-01-19T08:32:45.859",
        "user": [
            "apolo"
        ],
        "ip_addr": "127.0.0.1",
        "content_type": [
            "organization",
            "citydict"
        ],
        "object_id": "12",
        "object_repr": "\u5e7c\u513f\u56ed\u5728\u7ebf3\u73ed",
        "action_flag": "change",
        "message": "\u5df2\u4fee\u6539 category \u3002"
    }
},
{
    "model": "xadmin.log",
    "pk": 61,
    "fields": {
        "action_time": "2018-01-19T10:25:15.589",
        "user": [
            "apolo"
        ],
        "ip_addr": "127.0.0.1",
        "content_type": [
            "courses",
            "course"
        ],
        "object_id": "1",
        "object_repr": "Lesson object",
        "action_flag": "create",
        "message": "\u5df2\u6dfb\u52a0\u3002"
    }
},
{
    "model": "xadmin.log",
    "pk": 62,
    "fields": {
        "action_time": "2018-01-20T11:30:05.508",
        "user": [
            "apolo"
        ],
        "ip_addr": "127.0.0.1",
        "content_type": [
            "courses",
            "course"
        ],
        "object_id": "11",
        "object_repr": "Lesson object",
        "action_flag": "create",
        "message": "\u5df2\u6dfb\u52a0\u3002"
    }
},
{
    "model": "xadmin.log",
    "pk": 63,
    "fields": {
        "action_time": "2018-01-20T11:31:29.236",
        "user": [
            "apolo"
        ],
        "ip_addr": "127.0.0.1",
        "content_type": [
            "courses",
            "course"
        ],
        "object_id": "12",
        "object_repr": "Lesson object",
        "action_flag": "create",
        "message": "\u5df2\u6dfb\u52a0\u3002"
    }
},
{
    "model": "xadmin.log",
    "pk": 64,
    "fields": {
        "action_time": "2018-01-20T11:35:33.084",
        "user": [
            "apolo"
        ],
        "ip_addr": "127.0.0.1",
        "content_type": [
            "courses",
            "course"
        ],
        "object_id": "26",
        "object_repr": "Lesson object",
        "action_flag": "create",
        "message": "\u5df2\u6dfb\u52a0\u3002"
    }
},
{
    "model": "xadmin.log",
    "pk": 65,
    "fields": {
        "action_time": "2018-01-20T11:43:29.964",
        "user": [
            "apolo"
        ],
        "ip_addr": "127.0.0.1",
        "content_type": [
            "courses",
            "lesson"
        ],
        "object_id": "1",
        "object_repr": "1.1 helloworld",
        "action_flag": "create",
        "message": "\u5df2\u6dfb\u52a0\u3002"
    }
},
{
    "model": "xadmin.log",
    "pk": 66,
    "fields": {
        "action_time": "2018-01-20T11:44:10.051",
        "user": [
            "apolo"
        ],
        "ip_addr": "127.0.0.1",
        "content_type": [
            "courses",
            "lesson"
        ],
        "object_id": "1",
        "object_repr": "1.1 helloworld",
        "action_flag": "change",
        "message": "\u6ca1\u6709\u5b57\u6bb5\u88ab\u4fee\u6539\u3002"
    }
},
{
    "model": "xadmin.log",
    "pk": 67,
    "fields": {
        "action_time": "2018-01-20T11:44:38.550",
        "user": [
            "apolo"
        ],
        "ip_addr": "127.0.0.1",
        "content_type": [
            "courses",
            "course"
        ],
        "object_id": "1",
        "object_repr": "\u7b2c\u4e00\u7ae0 python\u5165\u95e8\u57fa\u7840\u77e5\u8bc6",
        "action_flag": "change",
        "message": "\u5df2\u4fee\u6539 name \u3002"
    }
},
{
    "model": "xadmin.log",
    "pk": 68,
    "fields": {
        "action_time": "2018-01-20T11:44:51.423",
        "user": [
            "apolo"
        ],
        "ip_addr": "127.0.0.1",
        "content_type": [
            "courses",
            "course"
        ],
        "object_id": "2",
        "object_repr": "\u7b2c\u4e00\u7ae0 python\u8fdb\u9636\u57fa\u7840\u77e5\u8bc6",
        "action_flag": "change",
        "message": "\u5df2\u4fee\u6539 name \u3002"
    }
},
{
    "model": "xadmin.log",
    "pk": 69,
    "fields": {
        "action_time": "2018-01-20T11:45:01.173",
        "user": [
            "apolo"
        ],
        "ip_addr": "127.0.0.1",
        "content_type": [
            "courses",
            "course"
        ],
        "object_id": "3",
        "object_repr": "\u7b2c\u4e00\u7ae0 python\u9ad8\u7ea7\u57fa\u7840\u77e5\u8bc6",
        "action_flag": "change",
        "message": "\u5df2\u4fee\u6539 name \u3002"
    }
},
{
    "model": "xadmin.log",
    "pk": 70,
    "fields": {
        "action_time": "2018-01-20T11:45:10.656",
        "user": [
            "apolo"
        ],
        "ip_addr": "127.0.0.1",
        "content_type": [
            "courses",
            "course"
        ],
        "object_id": "4",
        "object_repr": "\u7b2c\u4e00\u7ae0 django\u5165\u95e8 \u57fa\u7840\u77e5\u8bc6",
        "action_flag": "change",
        "message": "\u5df2\u4fee\u6539 name \u3002"
    }
},
{
    "model": "xadmin.log",
    "pk": 71,
    "fields": {
        "action_time": "2018-01-20T11:45:18.970",
        "user": [
            "apolo"
        ],
        "ip_addr": "127.0.0.1",
        "content_type": [
            "courses",
            "course"
        ],
        "object_id": "5",
        "object_repr": "\u7b2c\u4e00\u7ae0 PHP\u5165\u95e8\u57fa\u7840\u77e5\u8bc6",
        "action_flag": "change",
        "message": "\u5df2\u4fee\u6539 name \u3002"
    }
},
{
    "model": "xadmin.log",
    "pk": 72,
    "fields": {
        "action_time": "2018-01-20T11:45:32.578",
        "user": [
            "apolo"
        ],
        "ip_addr": "127.0.0.1",
        "content_type": [
            "courses",
            "course"
        ],
        "object_id": "16",
        "object_repr": "\u7b2c\u4e00\u7ae0 JavaScript\u5165\u95e8\u57fa\u7840\u77e5\u8bc6",
        "action_flag": "change",
        "message": "\u5df2\u4fee\u6539 name \u3002"
    }
},
{
    "model": "xadmin.log",
    "pk": 73,
    "fields": {
        "action_time": "2018-01-20T11:45:41.204",
        "user": [
            "apolo"
        ],
        "ip_addr": "127.0.0.1",
        "content_type": [
            "courses",
            "course"
        ],
        "object_id": "17",
        "object_repr": "\u7b2c\u4e00\u7ae0 python\u5b9e\u8df5\u57fa\u7840\u77e5\u8bc6",
        "action_flag": "change",
        "message": "\u5df2\u4fee\u6539 name \u3002"
    }
},
{
    "model": "xadmin.log",
    "pk": 74,
    "fields": {
        "action_time": "2018-01-20T11:45:49.349",
        "user": [
            "apolo"
        ],
        "ip_addr": "127.0.0.1",
        "content_type": [
            "courses",
            "course"
        ],
        "object_id": "18",
        "object_repr": "\u7b2c\u4e00\u7ae0 django\u8fdb\u9636\u57fa\u7840\u77e5\u8bc6",
        "action_flag": "change",
        "message": "\u5df2\u4fee\u6539 name \u3002"
    }
},
{
    "model": "xadmin.log",
    "pk": 75,
    "fields": {
        "action_time": "2018-01-20T11:45:59.477",
        "user": [
            "apolo"
        ],
        "ip_addr": "127.0.0.1",
        "content_type": [
            "courses",
            "course"
        ],
        "object_id": "19",
        "object_repr": "\u7b2c\u4e00\u7ae0 jQuery\u5165\u95e8\u57fa\u7840\u77e5\u8bc6",
        "action_flag": "change",
        "message": "\u5df2\u4fee\u6539 name \u3002"
    }
},
{
    "model": "xadmin.log",
    "pk": 76,
    "fields": {
        "action_time": "2018-01-20T11:46:10.525",
        "user": [
            "apolo"
        ],
        "ip_addr": "127.0.0.1",
        "content_type": [
            "courses",
            "course"
        ],
        "object_id": "21",
        "object_repr": "\u7b2c\u4e00\u7ae0 Django\u9ad8\u7ea7\u57fa\u7840\u77e5\u8bc6",
        "action_flag": "change",
        "message": "\u5df2\u4fee\u6539 name \u3002"
    }
},
{
    "model": "xadmin.log",
    "pk": 77,
    "fields": {
        "action_time": "2018-01-20T11:46:21.387",
        "user": [
            "apolo"
        ],
        "ip_addr": "127.0.0.1",
        "content_type": [
            "courses",
            "course"
        ],
        "object_id": "20",
        "object_repr": "\u7b2c\u4e00\u7ae0 PHP\u8fdb\u9636\u57fa\u7840\u77e5\u8bc6",
        "action_flag": "change",
        "message": "\u5df2\u4fee\u6539 name \u3002"
    }
},
{
    "model": "xadmin.log",
    "pk": 78,
    "fields": {
        "action_time": "2018-01-20T11:46:32.460",
        "user": [
            "apolo"
        ],
        "ip_addr": "127.0.0.1",
        "content_type": [
            "courses",
            "course"
        ],
        "object_id": "22",
        "object_repr": "\u7b2c\u4e00\u7ae0 Django\u5b9e\u8df5\u57fa\u7840\u77e5\u8bc6",
        "action_flag": "change",
        "message": "\u5df2\u4fee\u6539 name \u3002"
    }
},
{
    "model": "xadmin.log",
    "pk": 79,
    "fields": {
        "action_time": "2018-01-20T11:46:39.477",
        "user": [
            "apolo"
        ],
        "ip_addr": "127.0.0.1",
        "content_type": [
            "courses",
            "course"
        ],
        "object_id": "26",
        "object_repr": "\u7b2c\u4e8c\u7ae0 python\u5165\u95e8\u8fdb\u9636\u5f00\u53d1",
        "action_flag": "change",
        "message": "\u5df2\u4fee\u6539 name \u3002"
    }
},
{
    "model": "xadmin.log",
    "pk": 80,
    "fields": {
        "action_time": "2018-01-20T11:47:27.312",
        "user": [
            "apolo"
        ],
        "ip_addr": "127.0.0.1",
        "content_type": [
            "courses",
            "lesson"
        ],
        "object_id": "2",
        "object_repr": "1.2 \u57fa\u672c\u6982\u5ff5",
        "action_flag": "create",
        "message": "\u5df2\u6dfb\u52a0\u3002"
    }
},
{
    "model": "xadmin.log",
    "pk": 81,
    "fields": {
        "action_time": "2018-01-20T11:47:59.057",
        "user": [
            "apolo"
        ],
        "ip_addr": "127.0.0.1",
        "content_type": [
            "courses",
            "lesson"
        ],
        "object_id": "3",
        "object_repr": "2.1 test",
        "action_flag": "create",
        "message": "\u5df2\u6dfb\u52a0\u3002"
    }
},
{
    "model": "xadmin.log",
    "pk": 82,
    "fields": {
        "action_time": "2018-01-20T11:48:16.952",
        "user": [
            "apolo"
        ],
        "ip_addr": "127.0.0.1",
        "content_type": [
            "courses",
            "lesson"
        ],
        "object_id": "4",
        "object_repr": "2.2 test",
        "action_flag": "create",
        "message": "\u5df2\u6dfb\u52a0\u3002"
    }
},
{
    "model": "xadmin.log",
    "pk": 83,
    "fields": {
        "action_time": "2018-01-20T12:24:05.610",
        "user": [
            "apolo"
        ],
        "ip_addr": "127.0.0.1",
        "content_type": [
            "courses",
            "lesson"
        ],
        "object_id": "1",
        "object_repr": "1.1 helloworld",
        "action_flag": "change",
        "message": "\u5df2\u4fee\u6539 url \u3002"
    }
},
{
    "model": "xadmin.log",
    "pk": 84,
    "fields": {
        "action_time": "2018-01-20T12:24:09.932",
        "user": [
            "apolo"
        ],
        "ip_addr": "127.0.0.1",
        "content_type": [
            "courses",
            "lesson"
        ],
        "object_id": "2",
        "object_repr": "1.2 \u57fa\u672c\u6982\u5ff5",
        "action_flag": "change",
        "message": "\u5df2\u4fee\u6539 url \u3002"
    }
},
{
    "model": "xadmin.log",
    "pk": 85,
    "fields": {
        "action_time": "2018-01-20T12:24:14.700",
        "user": [
            "apolo"
        ],
        "ip_addr": "127.0.0.1",
        "content_type": [
            "courses",
            "lesson"
        ],
        "object_id": "3",
        "object_repr": "2.1 test",
        "action_flag": "change",
        "message": "\u5df2\u4fee\u6539 url \u3002"
    }
},
{
    "model": "xadmin.log",
    "pk": 86,
    "fields": {
        "action_time": "2018-01-20T12:24:17.695",
        "user": [
            "apolo"
        ],
        "ip_addr": "127.0.0.1",
        "content_type": [
            "courses",
            "lesson"
        ],
        "object_id": "4",
        "object_repr": "2.2 test",
        "action_flag": "change",
        "message": "\u5df2\u4fee\u6539 url \u3002"
    }
},
{
    "model": "xadmin.log",
    "pk": 87,
    "fields": {
        "action_time": "2018-01-20T12:25:55.972",
        "user": [
            "apolo"
        ],
        "ip_addr": "127.0.0.1",
        "content_type": [
            "courses",
            "lesson"
        ],
        "object_id": "1",
        "object_repr": "1.1 helloworld",
        "action_flag": "change",
        "message": "\u5df2\u4fee\u6539 url \u3002"
    }
},
{
    "model": "xadmin.log",
    "pk": 88,
    "fields": {
        "action_time": "2018-01-20T12:25:58.737",
        "user": [
            "apolo"
        ],
        "ip_addr": "127.0.0.1",
        "content_type": [
            "courses",
            "lesson"
        ],
        "object_id": "2",
        "object_repr": "1.2 \u57fa\u672c\u6982\u5ff5",
        "action_flag": "change",
        "message": "\u5df2\u4fee\u6539 url \u3002"
    }
},
{
    "model": "xadmin.log",
    "pk": 89,
    "fields": {
        "action_time": "2018-01-20T12:26:05.129",
        "user": [
            "apolo"
        ],
        "ip_addr": "127.0.0.1",
        "content_type": [
            "courses",
            "lesson"
        ],
        "object_id": "2",
        "object_repr": "1.2 \u57fa\u672c\u6982\u5ff5",
        "action_flag": "change",
        "message": "\u5df2\u4fee\u6539 url \u3002"
    }
},
{
    "model": "xadmin.log",
    "pk": 90,
    "fields": {
        "action_time": "2018-01-20T12:26:08.178",
        "user": [
            "apolo"
        ],
        "ip_addr": "127.0.0.1",
        "content_type": [
            "courses",
            "lesson"
        ],
        "object_id": "3",
        "object_repr": "2.1 test",
        "action_flag": "change",
        "message": "\u5df2\u4fee\u6539 url \u3002"
    }
},
{
    "model": "xadmin.log",
    "pk": 91,
    "fields": {
        "action_time": "2018-01-20T12:26:10.854",
        "user": [
            "apolo"
        ],
        "ip_addr": "127.0.0.1",
        "content_type": [
            "courses",
            "lesson"
        ],
        "object_id": "4",
        "object_repr": "2.2 test",
        "action_flag": "change",
        "message": "\u5df2\u4fee\u6539 url \u3002"
    }
},
{
    "model": "xadmin.log",
    "pk": 92,
    "fields": {
        "action_time": "2018-01-20T12:51:17.002",
        "user": [
            "apolo"
        ],
        "ip_addr": "127.0.0.1",
        "content_type": [
            "courses",
            "video"
        ],
        "object_id": "1",
        "object_repr": "CourseResource object",
        "action_flag": "create",
        "message": "\u5df2\u6dfb\u52a0\u3002"
    }
},
{
    "model": "xadmin.log",
    "pk": 93,
    "fields": {
        "action_time": "2018-01-20T13:09:46.336",
        "user": [
            "apolo"
        ],
        "ip_addr": "127.0.0.1",
        "content_type": [
            "users",
            "banner"
        ],
        "object_id": "1",
        "object_repr": "python\u5165\u95e8",
        "action_flag": "change",
        "message": "\u5df2\u4fee\u6539 teacher \u3002"
    }
},
{
    "model": "xadmin.log",
    "pk": 94,
    "fields": {
        "action_time": "2018-01-20T13:18:21.857",
        "user": [
            "apolo"
        ],
        "ip_addr": "127.0.0.1",
        "content_type": [
            "users",
            "banner"
        ],
        "object_id": "1",
        "object_repr": "python\u5165\u95e8",
        "action_flag": "change",
        "message": "\u5df2\u4fee\u6539 need_to_know \u548c teacher_hint \u3002"
    }
},
{
    "model": "xadmin.log",
    "pk": 95,
    "fields": {
        "action_time": "2018-01-21T10:34:31.716",
        "user": [
            "apolo"
        ],
        "ip_addr": "127.0.0.1",
        "content_type": [
            "courses",
            "lesson"
        ],
        "object_id": "4",
        "object_repr": "2.2 test",
        "action_flag": "change",
        "message": "\u5df2\u4fee\u6539 url \u3002"
    }
},
{
    "model": "xadmin.log",
    "pk": 96,
    "fields": {
        "action_time": "2018-01-21T11:40:47.374",
        "user": [
            "apolo"
        ],
        "ip_addr": "127.0.0.1",
        "content_type": [
            "courses",
            "lesson"
        ],
        "object_id": "5",
        "object_repr": "1.1 helloworld",
        "action_flag": "create",
        "message": "\u5df2\u6dfb\u52a0\u3002"
    }
},
{
    "model": "xadmin.log",
    "pk": 97,
    "fields": {
        "action_time": "2018-02-03T18:42:45.885",
        "user": [
            "apolo"
        ],
        "ip_addr": "127.0.0.1",
        "content_type": [
            "operation",
            "usermessage"
        ],
        "object_id": "1",
        "object_repr": "test",
        "action_flag": "create",
        "message": "\u5df2\u6dfb\u52a0\u3002"
    }
},
{
    "model": "xadmin.log",
    "pk": 98,
    "fields": {
        "action_time": "2018-02-03T18:42:50.993",
        "user": [
            "apolo"
        ],
        "ip_addr": "127.0.0.1",
        "content_type": [
            "operation",
            "usermessage"
        ],
        "object_id": "2",
        "object_repr": "test",
        "action_flag": "create",
        "message": "\u5df2\u6dfb\u52a0\u3002"
    }
},
{
    "model": "xadmin.log",
    "pk": 99,
    "fields": {
        "action_time": "2018-02-03T18:42:59.149",
        "user": [
            "apolo"
        ],
        "ip_addr": "127.0.0.1",
        "content_type": [
            "operation",
            "usermessage"
        ],
        "object_id": "3",
        "object_repr": "test",
        "action_flag": "create",
        "message": "\u5df2\u6dfb\u52a0\u3002"
    }
},
{
    "model": "xadmin.log",
    "pk": 100,
    "fields": {
        "action_time": "2018-02-03T18:43:04.413",
        "user": [
            "apolo"
        ],
        "ip_addr": "127.0.0.1",
        "content_type": [
            "operation",
            "usermessage"
        ],
        "object_id": "4",
        "object_repr": "test",
        "action_flag": "create",
        "message": "\u5df2\u6dfb\u52a0\u3002"
    }
},
{
    "model": "xadmin.log",
    "pk": 101,
    "fields": {
        "action_time": "2018-02-03T18:43:06.836",
        "user": [
            "apolo"
        ],
        "ip_addr": "127.0.0.1",
        "content_type": [
            "operation",
            "usermessage"
        ],
        "object_id": "5",
        "object_repr": "test",
        "action_flag": "create",
        "message": "\u5df2\u6dfb\u52a0\u3002"
    }
},
{
    "model": "xadmin.log",
    "pk": 102,
    "fields": {
        "action_time": "2018-02-03T18:43:09.112",
        "user": [
            "apolo"
        ],
        "ip_addr": "127.0.0.1",
        "content_type": [
            "operation",
            "usermessage"
        ],
        "object_id": "6",
        "object_repr": "test",
        "action_flag": "create",
        "message": "\u5df2\u6dfb\u52a0\u3002"
    }
},
{
    "model": "xadmin.log",
    "pk": 103,
    "fields": {
        "action_time": "2018-02-03T21:25:11.250",
        "user": [
            "apolo"
        ],
        "ip_addr": "127.0.0.1",
        "content_type": [
            "organization",
            "courseorg"
        ],
        "object_id": "6",
        "object_repr": "\u5b66\u524d\u73ed\u5728\u7ebf\u7f513\u73ed",
        "action_flag": "change",
        "message": "\u6ca1\u6709\u5b57\u6bb5\u88ab\u4fee\u6539\u3002"
    }
},
{
    "model": "xadmin.log",
    "pk": 104,
    "fields": {
        "action_time": "2018-02-03T21:26:02.810",
        "user": [
            "apolo"
        ],
        "ip_addr": "127.0.0.1",
        "content_type": [
            "organization",
            "courseorg"
        ],
        "object_id": "13",
        "object_repr": "\u5b66\u524d\u73ed\u5728\u7ebf\u7f514\u73ed",
        "action_flag": "create",
        "message": "\u5df2\u6dfb\u52a0\u3002"
    }
},
{
    "model": "xadmin.log",
    "pk": 105,
    "fields": {
        "action_time": "2018-02-03T21:26:11.914",
        "user": [
            "apolo"
        ],
        "ip_addr": "127.0.0.1",
        "content_type": [
            "organization",
            "courseorg"
        ],
        "object_id": "14",
        "object_repr": "\u5b66\u524d\u73ed\u5728\u7ebf\u7f515\u73ed",
        "action_flag": "create",
        "message": "\u5df2\u6dfb\u52a0\u3002"
    }
},
{
    "model": "xadmin.log",
    "pk": 106,
    "fields": {
        "action_time": "2018-02-03T21:26:19.476",
        "user": [
            "apolo"
        ],
        "ip_addr": "127.0.0.1",
        "content_type": [
            "organization",
            "courseorg"
        ],
        "object_id": "15",
        "object_repr": "\u5b66\u524d\u73ed\u5728\u7ebf\u7f516\u73ed",
        "action_flag": "create",
        "message": "\u5df2\u6dfb\u52a0\u3002"
    }
},
{
    "model": "xadmin.log",
    "pk": 107,
    "fields": {
        "action_time": "2018-02-03T21:43:21.737",
        "user": [
            "apolo"
        ],
        "ip_addr": "127.0.0.1",
        "content_type": [
            "users",
            "banner"
        ],
        "object_id": "1",
        "object_repr": "Banner object",
        "action_flag": "create",
        "message": "\u5df2\u6dfb\u52a0\u3002"
    }
},
{
    "model": "xadmin.log",
    "pk": 108,
    "fields": {
        "action_time": "2018-02-03T21:43:27.816",
        "user": [
            "apolo"
        ],
        "ip_addr": "127.0.0.1",
        "content_type": [
            "users",
            "banner"
        ],
        "object_id": "2",
        "object_repr": "Banner object",
        "action_flag": "create",
        "message": "\u5df2\u6dfb\u52a0\u3002"
    }
},
{
    "model": "xadmin.log",
    "pk": 109,
    "fields": {
        "action_time": "2018-02-03T21:43:33.815",
        "user": [
            "apolo"
        ],
        "ip_addr": "127.0.0.1",
        "content_type": [
            "users",
            "banner"
        ],
        "object_id": "3",
        "object_repr": "Banner object",
        "action_flag": "create",
        "message": "\u5df2\u6dfb\u52a0\u3002"
    }
},
{
    "model": "xadmin.log",
    "pk": 110,
    "fields": {
        "action_time": "2018-02-03T21:43:43.142",
        "user": [
            "apolo"
        ],
        "ip_addr": "127.0.0.1",
        "content_type": [
            "users",
            "banner"
        ],
        "object_id": "4",
        "object_repr": "Banner object",
        "action_flag": "create",
        "message": "\u5df2\u6dfb\u52a0\u3002"
    }
},
{
    "model": "xadmin.log",
    "pk": 111,
    "fields": {
        "action_time": "2018-02-03T21:43:48.482",
        "user": [
            "apolo"
        ],
        "ip_addr": "127.0.0.1",
        "content_type": [
            "users",
            "banner"
        ],
        "object_id": "5",
        "object_repr": "Banner object",
        "action_flag": "create",
        "message": "\u5df2\u6dfb\u52a0\u3002"
    }
},
{
    "model": "xadmin.log",
    "pk": 112,
    "fields": {
        "action_time": "2018-02-03T21:44:20.018",
        "user": [
            "apolo"
        ],
        "ip_addr": "127.0.0.1",
        "content_type": [
            "users",
            "banner"
        ],
        "object_id": "1",
        "object_repr": "Banner object",
        "action_flag": "change",
        "message": "\u5df2\u4fee\u6539 index \u3002"
    }
},
{
    "model": "xadmin.log",
    "pk": 113,
    "fields": {
        "action_time": "2018-02-03T21:44:27.067",
        "user": [
            "apolo"
        ],
        "ip_addr": "127.0.0.1",
        "content_type": [
            "users",
            "banner"
        ],
        "object_id": "4",
        "object_repr": "Banner object",
        "action_flag": "change",
        "message": "\u5df2\u4fee\u6539 index \u3002"
    }
},
{
    "model": "xadmin.log",
    "pk": 114,
    "fields": {
        "action_time": "2018-02-03T21:44:36.201",
        "user": [
            "apolo"
        ],
        "ip_addr": "127.0.0.1",
        "content_type": [
            "users",
            "banner"
        ],
        "object_id": "2",
        "object_repr": "Banner object",
        "action_flag": "change",
        "message": "\u5df2\u4fee\u6539 index \u3002"
    }
},
{
    "model": "xadmin.log",
    "pk": 115,
    "fields": {
        "action_time": "2018-02-03T21:44:40.451",
        "user": [
            "apolo"
        ],
        "ip_addr": "127.0.0.1",
        "content_type": [
            "users",
            "banner"
        ],
        "object_id": "5",
        "object_repr": "Banner object",
        "action_flag": "change",
        "message": "\u5df2\u4fee\u6539 index \u3002"
    }
},
{
    "model": "xadmin.log",
    "pk": 116,
    "fields": {
        "action_time": "2018-02-03T21:44:44.703",
        "user": [
            "apolo"
        ],
        "ip_addr": "127.0.0.1",
        "content_type": [
            "users",
            "banner"
        ],
        "object_id": "3",
        "object_repr": "Banner object",
        "action_flag": "change",
        "message": "\u5df2\u4fee\u6539 index \u3002"
    }
},
{
    "model": "xadmin.log",
    "pk": 117,
    "fields": {
        "action_time": "2018-02-03T21:53:44.813",
        "user": [
            "apolo"
        ],
        "ip_addr": "127.0.0.1",
        "content_type": [
            "users",
            "banner"
        ],
        "object_id": "1",
        "object_repr": "Banner object",
        "action_flag": "change",
        "message": "\u5df2\u4fee\u6539 image \u3002"
    }
},
{
    "model": "xadmin.log",
    "pk": 118,
    "fields": {
        "action_time": "2018-02-03T21:54:00.689",
        "user": [
            "apolo"
        ],
        "ip_addr": "127.0.0.1",
        "content_type": [
            "users",
            "banner"
        ],
        "object_id": "3",
        "object_repr": "Banner object",
        "action_flag": "change",
        "message": "\u5df2\u4fee\u6539 image \u3002"
    }
},
{
    "model": "xadmin.log",
    "pk": 119,
    "fields": {
        "action_time": "2018-02-03T21:54:19.103",
        "user": [
            "apolo"
        ],
        "ip_addr": "127.0.0.1",
        "content_type": [
            "users",
            "banner"
        ],
        "object_id": "2",
        "object_repr": "Banner object",
        "action_flag": "change",
        "message": "\u5df2\u4fee\u6539 image \u3002"
    }
},
{
    "model": "captcha.captchastore",
    "pk": 6,
    "fields": {
        "challenge": "BIUJ",
        "response": "biuj",
        "hashkey": "68e778af57eea2c62c7210baec0edfb997b5e0d0",
        "expiration": "2018-01-31T17:42:04.159"
    }
},
{
    "model": "captcha.captchastore",
    "pk": 8,
    "fields": {
        "challenge": "LAYL",
        "response": "layl",
        "hashkey": "3ddb7e87bb1757ed26add0f48c497ee0c6dedf37",
        "expiration": "2018-01-31T17:43:59.209"
    }
},
{
    "model": "captcha.captchastore",
    "pk": 10,
    "fields": {
        "challenge": "IZFM",
        "response": "izfm",
        "hashkey": "076c04a3f23be2009bb6ee96ebe30f2fe6c8c931",
        "expiration": "2018-01-31T17:45:03.771"
    }
}
]
